10000 20000
0 4 1 655 4972 456 9413 19 4599 738
1 2 2 115 4070 308
2 1 3 26
3 3 4 760 2407 677 3153 809
4 2 5 282 5302 80
5 1 6 251
6 2 7 229 5605 192
7 1 8 143
8 1 9 755
9 1 10 105
10 3 11 693 828 258 6877 618
11 2 12 759 5114 488
12 1 13 914
13 2 14 559 9189 841
14 2 15 90 634 681
15 2 16 605 713 814
16 3 17 433 7629 985 2933 865
17 1 18 33
18 1 19 31
19 1 20 96
20 1 21 224
21 1 22 239
22 3 23 518 1181 395 5715 648
23 1 24 617
24 3 25 28 8865 837 3297 963
25 1 26 575
26 3 27 204 9843 770 1842 540
27 2 28 734 5120 64
28 1 29 666
29 1 30 719
30 1 31 559
31 2 32 430 5852 567
32 2 33 226 1031 22
33 2 34 460 7841 5
34 3 35 604 7755 182 301 65
35 3 36 285 2471 797 6966 960
36 3 37 829 7082 49 6199 554
37 3 38 891 9137 963 2377 885
38 1 39 7
39 2 40 778 7080 851
40 4 41 826 2564 269 6331 413 2972 761
41 2 42 164 7071 240
42 1 43 715
43 3 44 433 3842 222 423 594
44 3 45 349 1758 495 1856 46
45 4 46 285 6905 767 7395 631 5998 238
46 3 47 160 3377 872 6612 473
47 2 48 221 1662 241
48 1 49 981
49 1 50 782
50 2 51 345 1595 190
51 2 52 105 5390 18
52 2 53 95 5151 281
53 1 54 390
54 4 55 100 6353 978 8782 850 3979 68
55 1 56 368
56 3 57 868 9276 60 7784 141
57 1 58 353
58 3 59 619 2680 586 9392 178
59 1 60 271
60 6 61 827 8505 725 3715 710 7442 966 7348 158 8267 535
61 2 62 45 6506 808
62 2 63 748 8408 402
63 1 64 471
64 1 65 550
65 1 66 128
66 2 67 997 1630 281
67 2 68 945 8686 786
68 2 69 388 6861 34
69 1 70 81
70 4 71 566 9019 1000 6068 580 1466 486
71 3 72 301 1183 452 1920 69
72 2 73 850 7942 951
73 2 74 644 9430 608
74 1 75 634
75 1 76 907
76 1 77 883
77 2 78 371 4016 676
78 1 79 592
79 3 80 197 135 529 4993 352
80 1 81 722
81 3 82 72 4368 641 6573 227
82 1 83 47
83 2 84 678 6928 46
84 3 85 234 5814 912 7792 424
85 2 86 792 7510 348
86 2 87 297 8655 897
87 2 88 82 9176 458
88 1 89 876
89 1 90 239
90 1 91 888
91 5 92 104 4485 707 9696 318 5400 349 6422 650
92 2 93 390 6713 57
93 1 94 285
94 2 95 465 861 430
95 3 96 651 5493 994 9461 378
96 2 97 855 7639 337
97 3 98 374 7680 827 1740 578
98 1 99 167
99 2 100 380 1158 891
100 1 101 364
101 1 102 215
102 3 103 687 748 44 4803 933
103 2 104 274 7555 263
104 4 105 719 223 184 8125 837 2230 376
105 2 106 960 8774 381
106 2 107 700 4720 918
107 2 108 664 4127 855
108 2 109 74 6817 655
109 1 110 624
110 2 111 651 6055 11
111 2 112 176 979 730
112 3 113 547 6108 512 969 396
113 1 114 747
114 2 115 251 7914 489
115 1 116 168
116 3 117 474 5111 640 5587 558
117 1 118 389
118 2 119 277 6273 618
119 2 120 948 7082 720
120 1 121 656
121 5 122 705 2459 457 5285 883 5078 791 1743 429
122 1 123 571
123 1 124 225
124 3 125 702 3306 314 3759 719
125 2 126 333 7280 297
126 2 127 864 7855 418
127 1 128 787
128 2 129 795 6567 950
129 4 130 58 2730 432 9512 341 5565 242
130 6 131 235 3067 377 9486 457 7936 24 7613 784 947 580
131 3 132 842 3703 165 9061 602
132 5 133 33 8614 601 1605 533 4876 15 3475 202
133 2 134 825 8496 414
134 2 135 324 972 469
135 1 136 411
136 2 137 275 8311 950
137 2 138 68 6215 46
138 3 139 217 1252 13 2183 474
139 3 140 936 2598 554 5092 663
140 1 141 966
141 1 142 581
142 3 143 898 1007 340 5640 656
143 2 144 736 5476 876
144 1 145 323
145 4 146 218 1806 442 8547 467 5115 902
146 1 147 672
147 2 148 512 7428 756
148 2 149 406 4041 551
149 4 150 906 6084 744 8858 289 4728 494
150 1 151 937
151 4 152 659 5013 121 2248 532 6062 729
152 1 153 470
153 1 154 147
154 1 155 272
155 1 156 143
156 2 157 253 3000 424
157 2 158 763 9688 441
158 4 159 575 8347 830 8354 539 3723 203
159 4 160 552 9892 361 9893 35 2915 68
160 1 161 270
161 1 162 765
162 5 163 599 8639 967 9352 802 5515 989 5369 97
163 2 164 439 3927 23
164 1 165 920
165 1 166 598
166 3 167 409 3094 676 870 310
167 3 168 371 6981 844 2241 754
168 2 169 225 7538 452
169 2 170 142 3079 7
170 3 171 522 5995 225 6650 43
171 2 172 506 3735 654
172 1 173 94
173 2 174 774 7602 394
174 4 175 49 3383 453 9573 20 3532 870
175 3 176 882 7122 694 7344 877
176 4 177 113 7858 465 716 299 2888 368
177 1 178 157
178 2 179 643 5064 268
179 1 180 164
180 2 181 812 2996 335
181 2 182 697 1841 150
182 1 183 433
183 5 184 611 4660 158 4677 953 9158 86 9520 717
184 1 185 66
185 1 186 395
186 2 187 391 5585 636
187 1 188 611
188 1 189 480
189 3 190 542 9910 157 8154 670
190 2 191 258 1366 664
191 2 192 995 9817 419
192 2 193 567 4632 476
193 2 194 882 1827 387
194 3 195 966 7928 670 5411 200
195 1 196 12
196 2 197 697 6573 218
197 1 198 739
198 3 199 118 251 610 9765 789
199 4 200 699 8787 920 2047 538 3530 707
200 2 201 907 2836 327
201 1 202 550
202 1 203 769
203 2 204 274 6866 973
204 2 205 788 9530 852
205 1 206 657
206 2 207 349 9101 63
207 1 208 115
208 4 209 301 7984 439 983 1 1058 509
209 1 210 446
210 1 211 162
211 2 212 465 1868 731
212 3 213 4 5259 647 8398 79
213 2 214 977 2304 37
214 1 215 740
215 2 216 897 5111 326
216 4 217 737 4915 114 3655 305 1262 660
217 3 218 270 4029 22 7732 22
218 1 219 996
219 1 220 513
220 4 221 781 5810 892 7061 404 824 267
221 2 222 183 375 981
222 3 223 520 939 136 2481 768
223 5 224 935 4098 54 9264 789 2879 533 4700 457
224 1 225 109
225 3 226 892 6998 110 7979 805
226 1 227 641
227 3 228 306 3354 115 3343 933
228 3 229 862 7345 811 4342 97
229 2 230 655 2875 655
230 1 231 520
231 3 232 624 3388 282 9884 637
232 3 233 204 2735 350 9621 330
233 1 234 157
234 2 235 383 2577 650
235 5 236 781 6302 834 2080 89 5327 323 5612 769
236 1 237 166
237 1 238 553
238 2 239 977 5762 841
239 1 240 798
240 1 241 945
241 2 242 544 9620 334
242 2 243 941 8018 197
243 1 244 1
244 4 245 614 2581 785 4339 833 5957 919
245 1 246 332
246 3 247 501 6264 792 845 423
247 1 248 20
248 2 249 115 4847 819
249 1 250 952
250 1 251 372
251 1 252 900
252 2 253 852 8903 240
253 2 254 827 6235 783
254 2 255 315 685 158
255 2 256 246 997 945
256 3 257 60 8235 83 9061 674
257 2 258 247 2617 739
258 3 259 900 7682 262 5912 251
259 2 260 581 6369 730
260 4 261 970 3344 880 2451 662 2087 195
261 2 262 81 9933 428
262 4 263 88 7171 29 3794 446 2544 724
263 1 264 750
264 1 265 498
265 3 266 836 775 303 2483 311
266 4 267 71 2469 339 333 717 4043 803
267 1 268 779
268 4 269 546 875 348 6679 484 6963 718
269 2 270 785 7008 107
270 1 271 129
271 2 272 132 7822 192
272 3 273 676 2741 719 5763 801
273 4 274 487 5724 858 3618 529 3001 939
274 2 275 970 4208 640
275 2 276 563 7981 224
276 3 277 170 7765 856 2015 773
277 2 278 272 2308 54
278 3 279 541 9836 279 8676 795
279 2 280 894 1872 235
280 2 281 622 5288 707
281 2 282 434 6219 572
282 2 283 988 7490 10
283 1 284 217
284 2 285 952 4841 310
285 2 286 553 2913 94
286 1 287 774
287 3 288 748 4540 167 7966 196
288 1 289 707
289 1 290 206
290 1 291 731
291 1 292 320
292 2 293 409 9726 5
293 3 294 688 389 405 4993 682
294 2 295 666 985 967
295 4 296 383 1942 182 1074 520 2319 105
296 5 297 449 9349 494 5615 227 788 547 5434 232
297 3 298 922 9285 532 3396 652
298 2 299 530 1714 65
299 2 300 463 5990 868
300 1 301 124
301 1 302 254
302 1 303 231
303 1 304 66
304 2 305 347 8762 884
305 2 306 22 2276 675
306 1 307 603
307 2 308 568 6233 334
308 3 309 236 6577 394 5826 599
309 3 310 603 2825 303 5658 938
310 2 311 226 4815 806
311 1 312 8
312 3 313 73 8033 929 1876 881
313 1 314 725
314 2 315 647 6832 585
315 1 316 61
316 2 317 235 3856 826
317 1 318 70
318 2 319 928 9419 818
319 1 320 33
320 3 321 881 5684 787 9676 341
321 3 322 339 7686 600 8466 465
322 2 323 73 1250 725
323 3 324 527 6775 570 1741 856
324 4 325 244 4931 697 6977 976 2554 832
325 1 326 286
326 3 327 686 1233 881 9930 705
327 3 328 498 2319 125 1899 394
328 3 329 220 8956 105 3544 416
329 2 330 553 3104 808
330 1 331 136
331 1 332 741
332 1 333 958
333 1 334 904
334 2 335 585 8030 603
335 3 336 591 8379 447 8725 288
336 3 337 485 3748 167 382 403
337 1 338 249
338 3 339 804 7952 985 8582 930
339 3 340 485 2763 421 8516 520
340 3 341 827 8258 859 3064 11
341 2 342 417 9266 778
342 1 343 195
343 2 344 97 7417 825
344 3 345 100 5426 167 7632 547
345 3 346 675 916 862 6558 93
346 1 347 442
347 1 348 363
348 4 349 434 5878 244 8548 909 9014 148
349 1 350 421
350 1 351 479
351 3 352 885 5128 194 6929 589
352 1 353 747
353 1 354 56
354 4 355 690 3382 146 9781 422 1442 443
355 5 356 670 9780 97 3367 726 5383 417 9819 883
356 3 357 662 7549 829 7579 599
357 2 358 101 3904 387
358 4 359 63 3094 614 6730 586 5318 585
359 1 360 413
360 1 361 746
361 1 362 348
362 1 363 820
363 1 364 883
364 6 365 112 5550 387 7473 495 1790 136 6993 483 7463 599
365 1 366 255
366 2 367 197 8239 851
367 1 368 195
368 2 369 550 4069 749
369 2 370 460 4040 842
370 2 371 144 3782 691
371 3 372 433 5175 427 9757 646
372 1 373 188
373 1 374 286
374 2 375 474 5700 625
375 2 376 256 8723 171
376 4 377 896 9527 663 9517 485 6955 678
377 3 378 946 8864 525 1822 101
378 3 379 78 9110 630 8523 826
379 3 380 454 2678 123 3410 983
380 1 381 828
381 3 382 883 5951 448 1768 482
382 1 383 877
383 4 384 564 5334 281 5035 570 7271 951
384 2 385 101 8406 327
385 2 386 52 6105 498
386 1 387 668
387 1 388 554
388 3 389 857 1895 59 7573 493
389 2 390 16 7043 735
390 3 391 993 8439 107 5468 13
391 1 392 96
392 1 393 949
393 3 394 772 5871 861 1909 311
394 2 395 870 9561 785
395 1 396 243
396 2 397 171 9121 170
397 3 398 417 9627 250 5071 644
398 1 399 498
399 1 400 493
400 1 401 219
401 2 402 886 2686 808
402 1 403 411
403 1 404 925
404 4 405 61 5755 622 8752 224 2470 2
405 1 406 169
406 2 407 389 6987 633
407 2 408 3 6918 790
408 5 409 400 7037 954 4568 324 1188 869 4133 476
409 2 410 272 4754 894
410 1 411 949
411 1 412 803
412 2 413 804 2167 637
413 2 414 466 6513 373
414 3 415 293 887 668 9082 421
415 1 416 434
416 3 417 714 9318 130 7392 124
417 1 418 981
418 2 419 749 2159 624
419 3 420 803 4772 464 7165 699
420 4 421 570 3960 581 4672 554 7694 768
421 1 422 678
422 2 423 736 6477 209
423 1 424 499
424 2 425 159 4668 392
425 2 426 195 7865 530
426 1 427 304
427 1 428 223
428 2 429 992 5100 336
429 1 430 60
430 1 431 594
431 3 432 754 7390 381 3943 479
432 2 433 556 2715 775
433 3 434 63 5367 233 5382 90
434 2 435 766 9863 164
435 3 436 322 917 601 8438 8
436 1 437 59
437 2 438 52 1637 655
438 3 439 599 3373 392 3494 590
439 2 440 489 3868 493
440 2 441 515 6322 141
441 1 442 942
442 1 443 874
443 2 444 544 4693 965
444 1 445 162
445 3 446 59 1404 306 4546 398
446 2 447 984 6775 158
447 4 448 521 5147 497 844 884 7995 209
448 5 449 83 1302 657 6035 744 1100 983 2766 919
449 2 450 872 4701 98
450 3 451 191 9503 707 4383 488
451 4 452 71 8493 442 2018 984 9186 859
452 2 453 610 4405 852
453 3 454 70 4477 817 9761 577
454 2 455 692 2153 81
455 2 456 883 9363 943
456 1 457 241
457 1 458 414
458 3 459 123 6584 737 4804 297
459 2 460 965 4238 683
460 2 461 912 5914 993
461 2 462 584 3057 558
462 3 463 253 2885 268 8758 456
463 2 464 593 8006 983
464 1 465 609
465 1 466 41
466 3 467 635 890 340 8175 36
467 2 468 84 3155 525
468 1 469 430
469 2 470 674 2953 435
470 1 471 598
471 2 472 579 5226 1000
472 2 473 536 2818 374
473 4 474 324 7150 649 7439 134 4485 465
474 2 475 958 5241 275
475 3 476 268 4027 278 1081 115
476 1 477 210
477 2 478 686 4797 254
478 3 479 734 3104 952 9837 462
479 2 480 322 5818 187
480 4 481 245 2421 726 553 919 1667 941
481 2 482 272 4719 511
482 2 483 406 3334 329
483 3 484 135 3091 238 8593 747
484 1 485 688
485 1 486 661
486 4 487 308 3838 124 3926 541 5638 199
487 2 488 469 7739 150
488 1 489 324
489 2 490 952 1098 510
490 2 491 770 2369 185
491 1 492 959
492 1 493 75
493 1 494 10
494 4 495 470 4808 530 3874 736 810 469
495 1 496 637
496 2 497 577 6851 824
497 3 498 103 8305 179 1868 331
498 1 499 76
499 2 500 551 1263 984
500 1 501 219
501 2 502 519 6551 109
502 1 503 272
503 3 504 136 3643 889 8760 34
504 2 505 956 3082 710
505 1 506 358
506 3 507 903 3898 592 7344 68
507 1 508 71
508 1 509 901
509 1 510 251
510 3 511 379 3137 378 674 348
511 2 512 292 1331 878
512 2 513 162 7359 139
513 2 514 449 6744 64
514 4 515 854 4646 399 4029 439 3202 409
515 3 516 557 2436 1000 8996 656
516 1 517 721
517 3 518 310 7569 902 3684 714
518 2 519 627 7432 880
519 2 520 827 1516 476
520 2 521 670 6013 799
521 1 522 542
522 4 523 9 7838 140 5010 82 3388 545
523 3 524 684 9884 41 545 280
524 1 525 837
525 2 526 568 2728 813
526 4 527 307 3370 516 8279 956 9741 768
527 2 528 955 2807 158
528 2 529 680 6067 432
529 3 530 107 7187 888 1292 585
530 2 531 962 4468 276
531 1 532 900
532 3 533 138 5727 252 4143 489
533 2 534 271 5113 266
534 3 535 119 3104 967 5284 873
535 2 536 912 2722 299
536 2 537 110 6393 131
537 1 538 761
538 1 539 567
539 1 540 160
540 2 541 279 4070 125
541 1 542 289
542 3 543 620 731 799 9232 137
543 2 544 216 9393 446
544 2 545 735 1409 190
545 2 546 352 2676 339
546 1 547 209
547 1 548 704
548 1 549 650
549 1 550 874
550 1 551 271
551 1 552 518
552 1 553 501
553 4 554 258 8932 260 4763 879 7081 412
554 1 555 928
555 3 556 930 5045 888 4321 679
556 2 557 867 6619 412
557 1 558 53
558 3 559 95 7627 25 4455 166
559 1 560 650
560 3 561 434 6869 648 4051 763
561 1 562 850
562 2 563 284 5808 317
563 2 564 46 2878 22
564 1 565 4
565 3 566 342 6487 647 5201 332
566 2 567 790 6056 630
567 2 568 134 7964 176
568 2 569 653 5761 353
569 3 570 269 4516 80 8262 407
570 2 571 166 6405 462
571 1 572 760
572 2 573 453 1084 116
573 1 574 565
574 2 575 723 3826 125
575 1 576 438
576 2 577 575 9811 559
577 1 578 10
578 3 579 115 5560 745 2169 806
579 1 580 78
580 2 581 968 8167 914
581 1 582 905
582 1 583 708
583 3 584 926 714 252 2413 366
584 2 585 153 3748 26
585 3 586 559 2287 528 5269 262
586 2 587 37 7818 94
587 1 588 855
588 1 589 379
589 3 590 597 5018 714 4011 236
590 2 591 566 4286 613
591 3 592 152 2086 986 8675 282
592 2 593 441 7817 989
593 1 594 131
594 1 595 43
595 2 596 316 1010 943
596 2 597 374 3986 76
597 1 598 921
598 2 599 956 4332 723
599 2 600 816 9304 757
600 1 601 996
601 2 602 882 3683 146
602 1 603 41
603 1 604 921
604 1 605 367
605 2 606 216 9411 343
606 2 607 699 3916 164
607 1 608 256
608 1 609 683
609 1 610 106
610 2 611 363 5859 410
611 2 612 799 2602 713
612 2 613 574 5366 166
613 2 614 906 7788 900
614 1 615 896
615 1 616 417
616 3 617 998 3566 735 6191 281
617 3 618 636 2027 859 1476 539
618 2 619 768 794 257
619 2 620 159 6041 818
620 2 621 948 9929 495
621 1 622 953
622 1 623 243
623 2 624 886 6922 617
624 1 625 167
625 2 626 1000 9344 326
626 1 627 820
627 2 628 831 1129 690
628 3 629 182 5115 197 7729 103
629 2 630 903 6874 413
630 3 631 423 3649 701 5686 515
631 1 632 26
632 2 633 184 6823 146
633 2 634 755 3100 543
634 2 635 947 4394 685
635 3 636 341 7487 705 9443 910
636 1 637 802
637 3 638 954 7671 459 5879 319
638 1 639 422
639 1 640 822
640 3 641 686 3068 965 8901 162
641 1 642 885
642 1 643 753
643 2 644 831 9389 753
644 4 645 255 6939 677 6255 702 952 735
645 2 646 274 8099 988
646 2 647 164 2733 554
647 1 648 807
648 2 649 719 9182 811
649 1 650 111
650 1 651 392
651 2 652 894 4457 208
652 1 653 40
653 4 654 880 6607 410 6344 663 4562 527
654 3 655 482 6709 285 3703 890
655 2 656 228 4671 724
656 3 657 205 8368 752 2941 695
657 4 658 837 4496 782 3936 604 6281 395
658 2 659 941 4441 256
659 2 660 472 9225 157
660 3 661 359 2558 248 3771 306
661 1 662 313
662 1 663 841
663 3 664 815 8519 70 9051 456
664 3 665 893 1147 853 6942 240
665 3 666 234 1919 335 1496 24
666 2 667 229 6854 537
667 2 668 25 5778 941
668 2 669 676 7061 299
669 3 670 198 678 54 3277 597
670 3 671 409 4231 290 8279 537
671 2 672 337 8117 666
672 3 673 286 2268 940 8924 786
673 3 674 886 9194 719 7815 141
674 3 675 72 6079 495 9021 629
675 1 676 991
676 1 677 792
677 1 678 286
678 1 679 360
679 2 680 657 7748 505
680 2 681 522 7172 406
681 1 682 410
682 4 683 696 3764 970 7031 824 5939 886
683 2 684 864 2388 37
684 1 685 550
685 2 686 340 9643 555
686 1 687 962
687 2 688 29 1284 464
688 2 689 119 3173 606
689 2 690 899 886 106
690 1 691 994
691 5 692 268 5639 855 8652 802 8817 225 4280 777
692 3 693 183 1660 707 8295 210
693 2 694 595 3751 413
694 1 695 986
695 2 696 272 5842 389
696 1 697 40
697 3 698 112 2893 859 3453 43
698 2 699 611 9618 14
699 3 700 445 5343 336 5914 451
700 3 701 354 6328 519 1080 363
701 3 702 747 7345 122 2061 302
702 2 703 806 6713 646
703 1 704 322
704 3 705 447 2253 442 2884 884
705 2 706 621 2521 50
706 3 707 524 1592 661 6517 235
707 1 708 119
708 2 709 395 2068 409
709 2 710 922 1800 698
710 1 711 591
711 1 712 195
712 2 713 261 4391 49
713 1 714 46
714 3 715 726 6657 233 786 736
715 2 716 447 4643 907
716 1 717 2
717 1 718 533
718 5 719 948 8142 333 5671 188 4077 479 1256 474
719 2 720 826 1206 204
720 1 721 552
721 2 722 704 1754 983
722 3 723 737 9950 856 4681 491
723 3 724 963 2819 512 1524 3
724 1 725 760
725 2 726 755 4547 993
726 1 727 687
727 1 728 202
728 3 729 373 5075 780 6484 117
729 2 730 442 2414 558
730 3 731 72 5496 953 9670 11
731 1 732 972
732 5 733 681 7574 493 4247 102 7093 10 6159 694
733 1 734 943
734 3 735 339 3577 540 4972 469
735 1 736 639
736 1 737 322
737 3 738 680 5283 902 3140 712
738 2 739 869 9150 111
739 2 740 128 2840 858
740 5 741 738 1025 581 3680 201 7649 719 6193 749
741 3 742 922 2106 427 1950 757
742 2 743 308 1231 521
743 3 744 520 5969 446 5830 706
744 2 745 317 1741 814
745 1 746 683
746 4 747 419 3588 344 5634 830 9976 559
747 3 748 335 9046 627 8315 165
748 3 749 413 6669 398 3346 124
749 2 750 714 7281 932
750 4 751 303 4727 719 8010 754 6258 366
751 1 752 568
752 1 753 131
753 3 754 197 7144 705 5758 671
754 2 755 431 7896 444
755 2 756 681 4228 240
756 3 757 963 3855 875 9267 927
757 2 758 389 4732 731
758 1 759 694
759 3 760 767 9268 711 1997 117
760 2 761 925 6112 830
761 3 762 179 9600 387 3480 191
762 2 763 631 1945 701
763 1 764 583
764 2 765 309 6615 835
765 1 766 416
766 2 767 562 5263 432
767 2 768 854 7629 486
768 3 769 1 4031 535 8828 841
769 4 770 312 2775 887 5575 943 6838 324
770 4 771 294 1068 368 7441 260 6389 167
771 1 772 216
772 3 773 441 2726 544 6724 316
773 2 774 805 5737 395
774 2 775 594 5469 373
775 3 776 622 3206 362 2640 782
776 2 777 671 8683 283
777 1 778 330
778 2 779 477 5238 9
779 1 780 453
780 1 781 453
781 3 782 692 9809 79 3419 579
782 5 783 219 2826 460 9349 657 5673 999 6708 239
783 5 784 524 954 143 6100 470 5498 370 8132 904
784 1 785 485
785 4 786 813 3583 326 9539 29 4121 32
786 2 787 923 4029 187
787 2 788 983 6239 768
788 1 789 816
789 1 790 754
790 2 791 174 9511 610
791 2 792 675 4046 247
792 1 793 87
793 2 794 291 3266 750
794 3 795 528 9651 627 7160 340
795 1 796 680
796 1 797 649
797 2 798 635 5433 331
798 1 799 344
799 3 800 96 4351 975 9318 785
800 3 801 839 6932 588 5684 368
801 1 802 975
802 2 803 770 9289 300
803 1 804 241
804 2 805 689 8751 492
805 2 806 318 1211 609
806 2 807 231 9304 216
807 4 808 826 2620 128 7191 249 2164 824
808 3 809 204 9935 947 9286 872
809 1 810 151
810 2 811 26 8752 299
811 2 812 48 9551 441
812 2 813 251 4625 118
813 4 814 487 8906 511 8455 953 2228 312
814 1 815 626
815 2 816 871 1854 648
816 1 817 787
817 4 818 75 4896 982 2200 589 832 80
818 3 819 467 5854 841 838 144
819 2 820 425 2031 466
820 2 821 908 2689 343
821 1 822 645
822 1 823 590
823 1 824 200
824 4 825 736 6860 226 6390 940 7438 585
825 1 826 714
826 1 827 394
827 2 828 507 5031 191
828 2 829 410 4599 51
829 1 830 250
830 1 831 152
831 4 832 672 2963 30 9161 879 2125 328
832 1 833 705
833 1 834 6
834 4 835 915 7760 508 7066 418 9305 600
835 3 836 769 7843 644 9283 472
836 1 837 882
837 2 838 789 9416 373
838 2 839 907 8975 595
839 2 840 110 7331 746
840 1 841 798
841 1 842 436
842 3 843 225 2520 771 7576 612
843 3 844 181 9700 339 2236 867
844 2 845 824 4924 844
845 4 846 981 5626 829 1426 198 1825 103
846 2 847 713 5832 113
847 2 848 531 5353 85
848 3 849 476 2535 389 7162 201
849 4 850 52 6142 443 7294 243 6564 757
850 2 851 571 8370 25
851 2 852 256 2715 888
852 4 853 940 3095 71 7894 522 2517 178
853 1 854 869
854 2 855 125 7197 785
855 3 856 468 3100 524 9524 873
856 1 857 137
857 2 858 821 6017 717
858 1 859 476
859 4 860 684 9664 181 2782 528 7687 663
860 2 861 544 5115 905
861 2 862 573 3795 878
862 2 863 610 6782 441
863 2 864 325 4834 9
864 2 865 973 6493 548
865 3 866 774 1983 511 8392 176
866 3 867 913 5334 370 1824 208
867 1 868 454
868 2 869 628 4228 529
869 2 870 835 4043 116
870 3 871 737 1455 590 6614 477
871 2 872 914 8412 634
872 2 873 517 5461 894
873 1 874 437
874 1 875 851
875 1 876 929
876 2 877 562 4217 542
877 1 878 457
878 2 879 919 3046 920
879 3 880 163 1030 712 2444 60
880 2 881 762 2395 917
881 3 882 883 7803 127 3252 845
882 1 883 487
883 1 884 461
884 5 885 266 6564 923 3795 565 6567 540 1913 329
885 1 886 770
886 3 887 254 5868 469 2623 679
887 1 888 861
888 2 889 653 7798 785
889 2 890 284 9868 193
890 3 891 785 2278 57 4656 581
891 2 892 797 6123 741
892 2 893 534 1565 868
893 3 894 497 5857 436 6736 254
894 1 895 642
895 2 896 245 4822 260
896 2 897 282 6401 939
897 2 898 451 6707 69
898 2 899 80 9332 969
899 2 900 731 2791 859
900 2 901 293 7565 679
901 1 902 241
902 1 903 279
903 2 904 344 2817 854
904 1 905 328
905 2 906 915 3692 609
906 2 907 554 1338 793
907 2 908 83 5241 437
908 2 909 142 6333 253
909 3 910 155 2068 561 4122 984
910 1 911 237
911 2 912 393 2907 308
912 2 913 711 4856 552
913 2 914 157 7326 270
914 4 915 724 1770 302 8333 581 9247 932
915 3 916 220 9821 709 6927 416
916 1 917 66
917 2 918 425 5493 83
918 4 919 418 6452 807 6834 408 6834 793
919 1 920 339
920 1 921 556
921 1 922 478
922 2 923 426 6352 747
923 1 924 64
924 3 925 212 7336 390 2856 147
925 2 926 853 1322 54
926 1 927 431
927 1 928 399
928 3 929 927 9873 715 3772 285
929 2 930 789 9643 696
930 1 931 599
931 3 932 969 2187 59 6104 166
932 2 933 713 8070 416
933 1 934 21
934 2 935 878 4946 717
935 2 936 902 2725 567
936 2 937 784 3655 349
937 4 938 590 6771 895 1436 884 5763 162
938 1 939 390
939 3 940 489 9274 804 9455 342
940 1 941 7
941 4 942 966 6981 531 6585 733 6797 74
942 3 943 361 6638 489 8222 799
943 3 944 306 5302 413 6918 545
944 2 945 772 7225 338
945 1 946 400
946 2 947 874 8707 513
947 2 948 914 9464 997
948 2 949 977 9509 311
949 3 950 856 4852 238 2199 319
950 1 951 430
951 1 952 552
952 1 953 766
953 1 954 753
954 1 955 560
955 1 956 820
956 1 957 618
957 2 958 920 2415 498
958 1 959 226
959 3 960 500 2263 284 5140 837
960 3 961 225 8832 831 3003 18
961 3 962 280 5260 664 4849 655
962 2 963 447 2891 152
963 2 964 498 5058 625
964 2 965 30 5999 304
965 2 966 399 6295 186
966 2 967 345 3960 829
967 2 968 685 8729 253
968 1 969 696
969 2 970 818 7083 98
970 2 971 415 7916 585
971 2 972 742 2633 58
972 2 973 170 2832 634
973 2 974 861 3256 210
974 2 975 479 8883 732
975 2 976 942 1149 162
976 3 977 131 8493 537 6894 739
977 3 978 638 8053 44 8368 408
978 1 979 547
979 4 980 28 5779 832 6769 985 3423 464
980 1 981 929
981 3 982 404 9538 206 5004 835
982 3 983 607 9342 808 1083 779
983 2 984 578 9845 899
984 3 985 679 4387 371 2632 559
985 3 986 28 8886 280 3142 776
986 1 987 86
987 1 988 659
988 1 989 439
989 2 990 139 8036 82
990 3 991 888 7636 883 5958 596
991 2 992 473 3083 320
992 3 993 187 4186 537 7817 427
993 1 994 52
994 3 995 267 9650 20 1541 387
995 1 996 389
996 2 997 336 8590 87
997 2 998 217 1660 207
998 1 999 466
999 3 1000 335 3222 307 2806 406
1000 2 1001 346 7598 882
1001 3 1002 780 4062 678 9194 475
1002 4 1003 901 1299 861 4550 101 2145 412
1003 3 1004 389 8254 190 3700 328
1004 2 1005 285 7751 690
1005 1 1006 771
1006 3 1007 975 1468 605 5462 248
1007 4 1008 852 2491 223 2072 198 8267 737
1008 2 1009 432 6578 39
1009 1 1010 259
1010 1 1011 855
1011 1 1012 84
1012 2 1013 482 1046 60
1013 2 1014 20 4734 853
1014 1 1015 768
1015 1 1016 553
1016 1 1017 54
1017 2 1018 975 2183 886
1018 2 1019 359 7980 910
1019 1 1020 230
1020 1 1021 666
1021 3 1022 71 4882 506 6170 100
1022 4 1023 800 7072 923 7294 398 1111 357
1023 1 1024 981
1024 1 1025 668
1025 2 1026 42 6161 186
1026 1 1027 773
1027 1 1028 32
1028 4 1029 973 3887 672 9121 353 8803 850
1029 2 1030 254 2614 29
1030 3 1031 205 3100 205 7027 517
1031 3 1032 860 1393 893 5154 645
1032 1 1033 21
1033 1 1034 637
1034 2 1035 157 7022 437
1035 4 1036 245 3014 281 4649 982 8737 774
1036 2 1037 130 3643 486
1037 2 1038 485 9475 322
1038 3 1039 686 7147 354 2500 308
1039 1 1040 118
1040 3 1041 578 5780 400 8456 21
1041 2 1042 971 8101 214
1042 3 1043 224 4733 189 8283 4
1043 3 1044 477 6577 441 3215 536
1044 2 1045 717 5760 746
1045 1 1046 263
1046 2 1047 786 6757 416
1047 5 1048 378 2790 117 9549 858 1793 292 2853 736
1048 2 1049 172 7590 620
1049 3 1050 621 8266 185 7516 500
1050 2 1051 622 3482 741
1051 2 1052 987 7600 275
1052 2 1053 766 8416 172
1053 1 1054 736
1054 2 1055 118 5824 995
1055 2 1056 797 1771 930
1056 1 1057 839
1057 2 1058 168 2052 275
1058 1 1059 988
1059 3 1060 319 8469 731 8294 105
1060 3 1061 111 6670 231 3342 931
1061 3 1062 593 8335 12 9716 530
1062 3 1063 27 3806 521 5803 293
1063 2 1064 952 5162 235
1064 2 1065 320 4219 479
1065 4 1066 590 3153 266 9376 506 8709 598
1066 1 1067 694
1067 3 1068 930 7784 531 6578 427
1068 1 1069 982
1069 4 1070 385 8183 969 6155 230 8005 632
1070 3 1071 407 3172 764 2475 22
1071 2 1072 965 9948 802
1072 1 1073 733
1073 3 1074 204 6069 118 3392 714
1074 5 1075 78 8153 690 1318 394 8517 164 5673 390
1075 3 1076 607 4161 914 8882 891
1076 2 1077 708 6142 191
1077 3 1078 851 6266 804 1866 10
1078 1 1079 643
1079 1 1080 249
1080 3 1081 105 8865 618 8345 534
1081 4 1082 714 7028 639 2458 291 1102 825
1082 2 1083 792 4672 480
1083 2 1084 309 7240 91
1084 2 1085 871 7232 541
1085 1 1086 701
1086 3 1087 615 2928 992 6230 949
1087 1 1088 825
1088 1 1089 124
1089 2 1090 816 5834 305
1090 1 1091 580
1091 1 1092 802
1092 2 1093 43 9505 921
1093 3 1094 356 7021 596 4653 931
1094 3 1095 546 4134 597 4893 893
1095 1 1096 439
1096 1 1097 678
1097 1 1098 380
1098 1 1099 71
1099 2 1100 519 2337 579
1100 4 1101 664 1101 157 8291 438 7126 675
1101 2 1102 350 1769 158
1102 4 1103 13 9142 572 7444 986 7137 89
1103 2 1104 870 6100 759
1104 2 1105 431 5065 447
1105 1 1106 843
1106 2 1107 502 4279 927
1107 2 1108 109 4491 966
1108 1 1109 444
1109 3 1110 984 9020 430 3122 687
1110 2 1111 371 5636 736
1111 2 1112 651 3020 52
1112 2 1113 913 3405 156
1113 2 1114 849 8852 243
1114 3 1115 471 6258 981 8941 526
1115 2 1116 725 1384 94
1116 3 1117 157 8078 23 2120 289
1117 2 1118 446 2470 562
1118 1 1119 181
1119 2 1120 752 2743 840
1120 3 1121 535 8886 855 7068 209
1121 1 1122 989
1122 1 1123 667
1123 1 1124 277
1124 1 1125 631
1125 2 1126 828 9519 603
1126 3 1127 942 7500 979 5404 723
1127 3 1128 552 9917 729 6074 305
1128 1 1129 794
1129 1 1130 496
1130 1 1131 477
1131 1 1132 447
1132 3 1133 846 9358 186 7626 452
1133 1 1134 749
1134 2 1135 607 5622 415
1135 1 1136 275
1136 1 1137 331
1137 5 1138 873 9194 951 3868 192 4032 806 4443 565
1138 1 1139 252
1139 2 1140 851 9208 411
1140 3 1141 958 8934 962 2530 347
1141 1 1142 89
1142 1 1143 286
1143 1 1144 903
1144 2 1145 462 7990 538
1145 1 1146 250
1146 1 1147 769
1147 2 1148 476 9288 269
1148 3 1149 584 9998 232 7053 202
1149 1 1150 625
1150 1 1151 685
1151 2 1152 389 5696 111
1152 1 1153 345
1153 4 1154 30 6747 897 3713 597 8927 81
1154 1 1155 507
1155 1 1156 872
1156 3 1157 333 7694 916 9763 153
1157 2 1158 187 1702 61
1158 2 1159 500 1740 265
1159 2 1160 218 7979 613
1160 1 1161 364
1161 2 1162 817 8210 608
1162 2 1163 265 6112 546
1163 3 1164 349 2206 543 1539 668
1164 1 1165 287
1165 2 1166 902 9294 99
1166 1 1167 611
1167 2 1168 719 7345 488
1168 4 1169 902 7071 40 2267 260 7907 779
1169 1 1170 283
1170 2 1171 570 8553 476
1171 1 1172 11
1172 1 1173 530
1173 1 1174 971
1174 2 1175 196 1969 893
1175 3 1176 88 4776 794 5089 568
1176 3 1177 248 9825 745 5873 913
1177 1 1178 738
1178 1 1179 417
1179 3 1180 501 2449 580 6646 892
1180 2 1181 569 1785 754
1181 2 1182 777 7281 965
1182 2 1183 247 6547 154
1183 2 1184 708 6206 248
1184 1 1185 488
1185 3 1186 662 4606 743 1834 253
1186 1 1187 729
1187 2 1188 503 7569 965
1188 2 1189 459 4370 494
1189 3 1190 812 3888 253 2871 698
1190 3 1191 18 4716 673 7156 32
1191 2 1192 96 4047 960
1192 3 1193 302 4742 16 1581 917
1193 2 1194 227 9760 667
1194 5 1195 415 2348 586 8429 782 1774 355 6138 516
1195 3 1196 709 4850 398 4531 508
1196 2 1197 250 4415 490
1197 1 1198 314
1198 3 1199 680 6464 56 4593 147
1199 3 1200 596 4189 702 1987 848
1200 2 1201 378 4507 586
1201 1 1202 485
1202 1 1203 567
1203 2 1204 544 6757 747
1204 2 1205 353 5139 463
1205 1 1206 436
1206 1 1207 764
1207 2 1208 564 7546 735
1208 2 1209 339 7072 31
1209 1 1210 361
1210 3 1211 720 9476 740 4724 850
1211 2 1212 465 1536 665
1212 4 1213 278 5756 796 6530 794 8908 306
1213 3 1214 314 6371 914 8721 921
1214 1 1215 258
1215 4 1216 237 5172 552 3918 437 2196 160
1216 1 1217 124
1217 1 1218 739
1218 3 1219 198 6578 161 4329 159
1219 2 1220 324 5315 202
1220 1 1221 123
1221 2 1222 761 6651 21
1222 2 1223 549 1476 324
1223 2 1224 974 8194 63
1224 1 1225 781
1225 1 1226 707
1226 1 1227 190
1227 2 1228 197 3786 27
1228 2 1229 222 3940 449
1229 5 1230 757 8320 615 2560 685 3317 479 1263 143
1230 3 1231 496 7244 860 4398 188
1231 2 1232 284 9335 62
1232 1 1233 742
1233 2 1234 604 8098 553
1234 3 1235 779 4742 295 8868 743
1235 3 1236 538 1394 741 8021 908
1236 1 1237 612
1237 1 1238 290
1238 2 1239 103 7626 508
1239 1 1240 853
1240 2 1241 199 8670 945
1241 2 1242 304 4325 192
1242 1 1243 233
1243 2 1244 370 7127 924
1244 3 1245 184 4499 96 4043 995
1245 2 1246 310 6441 773
1246 3 1247 15 5730 549 2403 28
1247 1 1248 726
1248 2 1249 547 3797 895
1249 2 1250 130 2940 579
1250 4 1251 281 4696 704 4303 103 6352 66
1251 2 1252 47 3161 839
1252 1 1253 998
1253 2 1254 56 2977 517
1254 1 1255 567
1255 2 1256 300 3723 180
1256 3 1257 715 6202 517 3082 144
1257 1 1258 967
1258 7 1259 130 9678 199 5292 787 2510 257 4521 494 2633 941 7595 536
1259 2 1260 654 5812 259
1260 2 1261 890 3052 169
1261 2 1262 771 9331 217
1262 2 1263 503 2366 792
1263 1 1264 106
1264 2 1265 894 8939 489
1265 1 1266 13
1266 1 1267 588
1267 2 1268 292 5489 614
1268 2 1269 481 2261 433
1269 3 1270 491 9575 455 7425 131
1270 2 1271 452 1778 914
1271 1 1272 349
1272 1 1273 189
1273 3 1274 989 7359 796 7851 700
1274 2 1275 53 2563 615
1275 1 1276 259
1276 2 1277 964 9249 118
1277 3 1278 883 2318 737 1302 143
1278 1 1279 490
1279 1 1280 117
1280 4 1281 842 5809 949 8264 743 9407 863
1281 4 1282 67 5530 893 4786 979 4117 933
1282 1 1283 411
1283 2 1284 504 6428 629
1284 1 1285 76
1285 2 1286 591 2552 982
1286 2 1287 645 7009 216
1287 2 1288 703 3964 1
1288 1 1289 55
1289 2 1290 156 7283 869
1290 4 1291 153 2819 976 7556 26 6935 591
1291 2 1292 831 5085 51
1292 1 1293 577
1293 1 1294 972
1294 2 1295 312 5309 79
1295 3 1296 88 4940 745 2859 329
1296 3 1297 255 4129 592 8499 809
1297 1 1298 122
1298 3 1299 572 8400 989 9904 955
1299 1 1300 783
1300 2 1301 427 2282 141
1301 4 1302 621 2219 458 7640 329 3617 450
1302 2 1303 611 2559 748
1303 1 1304 810
1304 2 1305 634 6676 192
1305 3 1306 232 6175 929 1920 941
1306 1 1307 795
1307 2 1308 536 5815 968
1308 2 1309 390 6616 807
1309 3 1310 462 9906 653 3109 186
1310 2 1311 931 3774 8
1311 1 1312 454
1312 2 1313 305 9368 483
1313 1 1314 881
1314 1 1315 603
1315 1 1316 440
1316 2 1317 313 4341 242
1317 2 1318 583 7872 947
1318 1 1319 636
1319 2 1320 62 3935 593
1320 2 1321 625 9165 970
1321 1 1322 984
1322 2 1323 758 6087 225
1323 1 1324 102
1324 2 1325 971 5128 332
1325 2 1326 782 3130 904
1326 2 1327 213 6827 754
1327 1 1328 641
1328 2 1329 217 8869 851
1329 3 1330 271 4370 94 8090 352
1330 1 1331 677
1331 2 1332 84 1596 790
1332 3 1333 161 9376 474 4522 232
1333 3 1334 246 9045 810 7041 439
1334 3 1335 178 3056 436 1730 698
1335 1 1336 566
1336 2 1337 77 6464 583
1337 1 1338 161
1338 2 1339 3 6226 895
1339 2 1340 419 8204 902
1340 3 1341 462 1756 756 3907 657
1341 1 1342 706
1342 3 1343 609 5369 625 8743 175
1343 3 1344 482 8037 730 6598 113
1344 2 1345 299 2668 27
1345 1 1346 34
1346 3 1347 238 2900 735 6652 231
1347 2 1348 296 6723 506
1348 2 1349 724 3674 978
1349 3 1350 290 1997 630 3649 141
1350 2 1351 720 6176 863
1351 2 1352 881 3429 518
1352 2 1353 465 6631 656
1353 2 1354 73 7027 703
1354 2 1355 704 3570 187
1355 1 1356 240
1356 3 1357 947 7140 572 8231 855
1357 1 1358 271
1358 1 1359 807
1359 1 1360 811
1360 1 1361 641
1361 3 1362 604 4762 766 6048 867
1362 3 1363 678 4265 1 2487 705
1363 3 1364 824 6282 610 5690 740
1364 3 1365 957 5529 693 9649 345
1365 2 1366 203 3006 474
1366 3 1367 436 2244 749 9602 996
1367 1 1368 118
1368 1 1369 558
1369 3 1370 231 8668 694 8281 540
1370 2 1371 664 2933 575
1371 5 1372 153 3694 829 4268 871 7496 704 9551 365
1372 1 1373 931
1373 2 1374 273 6737 611
1374 2 1375 847 3690 413
1375 2 1376 146 6519 617
1376 4 1377 74 6211 456 3962 524 8727 69
1377 2 1378 62 2927 130
1378 1 1379 170
1379 1 1380 812
1380 1 1381 315
1381 1 1382 610
1382 2 1383 767 3759 610
1383 2 1384 845 7768 897
1384 2 1385 583 2363 286
1385 3 1386 944 2010 703 1742 789
1386 2 1387 296 7617 270
1387 1 1388 450
1388 2 1389 128 3589 770
1389 3 1390 480 2100 620 2005 656
1390 2 1391 706 8776 449
1391 1 1392 312
1392 4 1393 717 3346 147 4707 143 8103 680
1393 5 1394 413 2129 578 3817 615 9755 774 9935 872
1394 2 1395 966 6302 610
1395 3 1396 279 4548 979 9096 847
1396 2 1397 513 3490 576
1397 1 1398 553
1398 2 1399 506 8464 437
1399 1 1400 449
1400 1 1401 83
1401 1 1402 613
1402 1 1403 41
1403 1 1404 911
1404 1 1405 443
1405 2 1406 753 4794 391
1406 4 1407 331 6536 867 4360 750 6769 590
1407 1 1408 619
1408 2 1409 257 9255 252
1409 2 1410 27 5844 147
1410 2 1411 94 8996 91
1411 2 1412 235 6572 191
1412 1 1413 985
1413 1 1414 691
1414 2 1415 857 1478 12
1415 3 1416 882 9534 119 8881 160
1416 3 1417 590 8162 878 7504 95
1417 2 1418 602 2897 721
1418 1 1419 974
1419 2 1420 22 9680 588
1420 1 1421 784
1421 1 1422 689
1422 4 1423 842 9203 259 9522 169 5063 392
1423 2 1424 276 3665 286
1424 2 1425 591 6432 417
1425 2 1426 42 4048 917
1426 2 1427 782 8898 182
1427 4 1428 775 2004 795 9739 359 6273 742
1428 2 1429 180 9603 97
1429 3 1430 482 5283 371 5735 899
1430 1 1431 532
1431 2 1432 668 9817 404
1432 1 1433 453
1433 2 1434 939 3305 458
1434 1 1435 285
1435 3 1436 186 3485 139 9287 454
1436 1 1437 600
1437 3 1438 447 9113 625 8465 273
1438 1 1439 651
1439 1 1440 834
1440 2 1441 504 3468 104
1441 2 1442 993 8622 252
1442 3 1443 94 6377 357 4574 742
1443 3 1444 482 9876 948 6898 243
1444 1 1445 357
1445 3 1446 419 6662 603 2690 779
1446 3 1447 342 6187 95 2042 358
1447 1 1448 329
1448 4 1449 687 7466 468 8387 116 1927 251
1449 1 1450 108
1450 2 1451 879 5423 789
1451 2 1452 165 7392 248
1452 3 1453 338 5998 286 4914 539
1453 4 1454 422 9913 878 5801 251 6884 573
1454 1 1455 711
1455 1 1456 508
1456 3 1457 296 3247 652 6925 361
1457 1 1458 679
1458 2 1459 968 8188 57
1459 1 1460 411
1460 2 1461 834 6109 427
1461 2 1462 779 6493 914
1462 3 1463 564 4638 943 4525 111
1463 1 1464 38
1464 3 1465 466 9951 152 2418 59
1465 3 1466 91 3194 446 5988 34
1466 1 1467 323
1467 3 1468 259 7715 728 3517 31
1468 4 1469 332 6667 728 3995 315 9065 886
1469 3 1470 119 7946 716 9453 449
1470 2 1471 994 4350 206
1471 2 1472 792 3924 315
1472 1 1473 414
1473 2 1474 886 6607 954
1474 3 1475 527 4034 980 7271 934
1475 1 1476 845
1476 4 1477 2 6137 24 3709 430 8762 846
1477 3 1478 674 8411 509 4813 941
1478 4 1479 891 5379 615 8401 831 3739 500
1479 3 1480 556 7982 966 5630 465
1480 1 1481 474
1481 3 1482 424 6549 812 8134 321
1482 1 1483 56
1483 2 1484 193 8113 873
1484 1 1485 531
1485 3 1486 371 7471 548 4263 812
1486 3 1487 638 1747 492 4510 267
1487 1 1488 775
1488 2 1489 511 3422 685
1489 2 1490 641 4287 825
1490 1 1491 453
1491 2 1492 779 3381 816
1492 2 1493 53 6210 662
1493 1 1494 209
1494 1 1495 274
1495 1 1496 563
1496 3 1497 135 3897 147 7656 607
1497 1 1498 950
1498 1 1499 295
1499 1 1500 449
1500 2 1501 902 1563 444
1501 2 1502 716 2304 565
1502 1 1503 497
1503 2 1504 125 4349 607
1504 1 1505 30
1505 2 1506 997 8105 963
1506 4 1507 646 3059 607 7692 974 7217 726
1507 5 1508 624 1672 233 7295 181 2717 14 6047 313
1508 2 1509 819 9571 743
1509 2 1510 246 3350 545
1510 1 1511 727
1511 4 1512 163 2366 587 9565 916 2151 744
1512 3 1513 319 4001 53 7812 582
1513 1 1514 565
1514 2 1515 15 7566 711
1515 2 1516 566 6863 57
1516 1 1517 418
1517 2 1518 96 2484 387
1518 2 1519 231 6141 887
1519 1 1520 862
1520 3 1521 935 3396 267 8752 83
1521 1 1522 117
1522 4 1523 473 9195 100 2185 526 8380 411
1523 1 1524 970
1524 1 1525 121
1525 1 1526 664
1526 2 1527 853 8658 307
1527 2 1528 158 9505 897
1528 3 1529 511 1949 448 1811 61
1529 1 1530 956
1530 2 1531 734 9751 559
1531 1 1532 299
1532 2 1533 522 5634 811
1533 4 1534 723 4871 890 9372 633 5059 384
1534 1 1535 280
1535 2 1536 426 4482 863
1536 4 1537 855 5164 670 2821 489 7909 338
1537 2 1538 495 9051 339
1538 2 1539 484 6716 434
1539 2 1540 250 8539 958
1540 2 1541 468 8990 389
1541 1 1542 565
1542 2 1543 149 8154 588
1543 2 1544 393 7798 570
1544 3 1545 196 3156 798 9214 928
1545 2 1546 944 1611 110
1546 1 1547 614
1547 2 1548 521 8654 109
1548 2 1549 765 9161 677
1549 3 1550 901 4517 394 5271 999
1550 2 1551 140 3595 765
1551 3 1552 885 2553 640 3837 565
1552 1 1553 72
1553 1 1554 283
1554 1 1555 792
1555 2 1556 809 3480 990
1556 2 1557 875 2268 433
1557 1 1558 425
1558 1 1559 349
1559 2 1560 957 5888 787
1560 2 1561 807 2703 16
1561 1 1562 520
1562 1 1563 274
1563 1 1564 841
1564 1 1565 3
1565 3 1566 290 8013 716 3136 297
1566 2 1567 744 5870 295
1567 4 1568 306 8882 593 5601 866 5928 189
1568 1 1569 858
1569 3 1570 602 7920 132 9678 250
1570 1 1571 594
1571 1 1572 676
1572 5 1573 502 3481 608 3481 765 9992 142 6599 619
1573 1 1574 887
1574 3 1575 153 7595 525 2970 326
1575 3 1576 458 7383 882 2294 71
1576 2 1577 552 4911 35
1577 2 1578 496 2309 78
1578 3 1579 354 2832 677 1642 330
1579 3 1580 341 9408 505 5377 548
1580 1 1581 566
1581 4 1582 782 3610 943 3322 512 5168 116
1582 4 1583 557 4333 742 4712 25 3953 288
1583 1 1584 387
1584 1 1585 467
1585 2 1586 956 6471 179
1586 3 1587 330 5045 535 2186 263
1587 3 1588 891 5638 210 5393 305
1588 1 1589 194
1589 1 1590 715
1590 4 1591 245 2236 139 5868 786 5201 319
1591 2 1592 586 5218 231
1592 1 1593 393
1593 1 1594 240
1594 3 1595 877 9069 626 5230 844
1595 3 1596 795 7024 418 8623 326
1596 1 1597 421
1597 2 1598 45 1947 684
1598 1 1599 326
1599 1 1600 763
1600 2 1601 485 2172 4
1601 2 1602 723 6671 949
1602 3 1603 936 2408 665 3772 186
1603 1 1604 831
1604 2 1605 391 7784 993
1605 3 1606 396 9018 508 8531 706
1606 2 1607 680 5491 756
1607 3 1608 812 5888 943 8285 152
1608 1 1609 841
1609 2 1610 668 8802 803
1610 6 1611 156 7891 595 2447 327 9979 786 9951 508 3927 417
1611 2 1612 508 3262 45
1612 2 1613 988 4817 558
1613 3 1614 38 3809 240 7206 371
1614 2 1615 130 3822 813
1615 1 1616 515
1616 3 1617 989 5123 943 1848 504
1617 1 1618 605
1618 1 1619 340
1619 2 1620 891 6073 883
1620 4 1621 103 5977 814 9266 781 5355 807
1621 1 1622 896
1622 2 1623 866 2355 243
1623 1 1624 451
1624 2 1625 103 7999 358
1625 2 1626 539 3061 826
1626 2 1627 933 4154 663
1627 2 1628 468 4383 293
1628 1 1629 16
1629 2 1630 740 3757 954
1630 1 1631 148
1631 2 1632 420 3701 517
1632 1 1633 892
1633 4 1634 671 9787 198 3401 547 2459 990
1634 2 1635 994 7438 661
1635 2 1636 159 2413 632
1636 1 1637 77
1637 4 1638 481 2276 597 3150 382 4476 976
1638 3 1639 801 6629 824 9715 377
1639 2 1640 993 9911 67
1640 2 1641 272 7580 117
1641 2 1642 347 4707 936
1642 1 1643 639
1643 2 1644 710 8680 940
1644 2 1645 408 9006 409
1645 2 1646 666 8259 771
1646 2 1647 83 9924 395
1647 3 1648 873 8182 629 3477 146
1648 1 1649 337
1649 2 1650 873 2995 85
1650 1 1651 691
1651 3 1652 880 1807 63 8649 819
1652 2 1653 547 4224 736
1653 2 1654 390 7688 934
1654 1 1655 978
1655 1 1656 325
1656 1 1657 642
1657 1 1658 736
1658 1 1659 909
1659 5 1660 778 7224 667 5262 752 6500 384 8103 749
1660 1 1661 500
1661 2 1662 894 8288 823
1662 2 1663 555 4281 923
1663 4 1664 37 5699 782 6072 837 4462 861
1664 2 1665 633 9468 658
1665 1 1666 71
1666 1 1667 241
1667 2 1668 647 3559 959
1668 1 1669 701
1669 1 1670 944
1670 1 1671 295
1671 2 1672 233 1826 444
1672 3 1673 765 4086 473 8404 930
1673 1 1674 93
1674 3 1675 445 3150 97 7998 146
1675 4 1676 101 4352 963 8106 55 7813 191
1676 1 1677 779
1677 1 1678 649
1678 1 1679 721
1679 1 1680 894
1680 1 1681 103
1681 2 1682 455 1766 4
1682 2 1683 171 1884 610
1683 2 1684 711 2163 230
1684 3 1685 307 8084 707 8827 96
1685 2 1686 926 4010 719
1686 4 1687 30 8333 838 6242 734 6603 950
1687 2 1688 48 2063 430
1688 3 1689 333 9919 626 6185 528
1689 2 1690 816 6851 78
1690 1 1691 58
1691 3 1692 301 5684 382 7242 487
1692 2 1693 368 4507 610
1693 1 1694 384
1694 1 1695 442
1695 1 1696 150
1696 2 1697 251 8657 979
1697 2 1698 544 9459 26
1698 1 1699 422
1699 2 1700 580 8261 11
1700 3 1701 699 3169 666 1767 261
1701 2 1702 812 8346 832
1702 4 1703 185 9009 360 6144 939 1945 498
1703 2 1704 175 9697 575
1704 1 1705 180
1705 2 1706 81 6778 984
1706 2 1707 625 2533 949
1707 1 1708 892
1708 1 1709 392
1709 3 1710 635 4620 33 7109 631
1710 3 1711 700 2985 372 3026 687
1711 1 1712 247
1712 3 1713 510 7290 214 3834 936
1713 3 1714 935 7593 891 5424 860
1714 3 1715 598 6208 860 7980 657
1715 1 1716 147
1716 1 1717 238
1717 2 1718 473 9284 982
1718 2 1719 654 6059 415
1719 2 1720 261 8076 906
1720 2 1721 471 3744 180
1721 2 1722 262 6629 244
1722 2 1723 683 7012 883
1723 2 1724 10 6314 863
1724 2 1725 921 5817 232
1725 2 1726 824 6488 385
1726 1 1727 477
1727 2 1728 923 4464 646
1728 1 1729 295
1729 1 1730 694
1730 1 1731 560
1731 2 1732 162 8019 860
1732 3 1733 76 9259 551 3474 589
1733 2 1734 453 3732 58
1734 2 1735 968 2763 363
1735 1 1736 354
1736 3 1737 602 2833 976 7432 426
1737 2 1738 307 1852 187
1738 2 1739 655 5534 683
1739 1 1740 986
1740 2 1741 435 8975 733
1741 3 1742 707 4746 362 4727 724
1742 4 1743 257 8850 548 3880 645 7287 874
1743 5 1744 468 9361 826 5443 656 3986 857 2972 856
1744 3 1745 866 2815 217 9241 718
1745 1 1746 310
1746 3 1747 204 2646 962 8676 169
1747 1 1748 394
1748 4 1749 874 5117 205 7230 798 7742 529
1749 1 1750 495
1750 1 1751 110
1751 2 1752 243 6082 163
1752 4 1753 391 7092 570 5407 671 9885 766
1753 3 1754 586 5734 77 7363 328
1754 2 1755 368 4264 728
1755 2 1756 589 3561 247
1756 3 1757 303 5305 747 7011 17
1757 2 1758 717 1762 874
1758 3 1759 303 4722 855 9360 427
1759 3 1760 23 1811 245 7596 436
1760 1 1761 850
1761 1 1762 675
1762 1 1763 406
1763 4 1764 282 9128 387 8575 467 9315 496
1764 2 1765 9 9120 130
1765 2 1766 580 2072 309
1766 2 1767 886 3382 590
1767 2 1768 703 2114 130
1768 2 1769 797 5580 219
1769 1 1770 763
1770 1 1771 997
1771 1 1772 51
1772 2 1773 933 7388 722
1773 1 1774 621
1774 3 1775 764 7211 299 7938 374
1775 2 1776 509 8279 787
1776 3 1777 853 4134 554 8273 648
1777 1 1778 926
1778 1 1779 925
1779 1 1780 294
1780 1 1781 795
1781 3 1782 819 7990 336 5579 219
1782 1 1783 236
1783 2 1784 622 6753 513
1784 1 1785 822
1785 2 1786 361 7821 248
1786 1 1787 225
1787 2 1788 652 6432 974
1788 1 1789 195
1789 2 1790 636 4511 82
1790 1 1791 257
1791 1 1792 695
1792 4 1793 774 9830 676 4453 31 9886 105
1793 2 1794 739 4748 754
1794 2 1795 786 2327 503
1795 2 1796 676 3761 456
1796 2 1797 698 4333 992
1797 1 1798 859
1798 1 1799 141
1799 1 1800 644
1800 3 1801 100 5867 166 7668 141
1801 1 1802 926
1802 4 1803 643 8467 68 1984 796 8090 253
1803 1 1804 662
1804 4 1805 41 7148 234 5483 105 2781 934
1805 2 1806 317 4615 820
1806 2 1807 808 9190 581
1807 3 1808 452 4034 508 7209 133
1808 1 1809 35
1809 6 1810 594 7806 62 9029 295 4428 979 3045 89 2396 825
1810 1 1811 374
1811 1 1812 750
1812 4 1813 135 6488 297 7712 339 4899 472
1813 1 1814 93
1814 2 1815 932 2872 550
1815 2 1816 303 3108 256
1816 3 1817 335 7515 189 6591 483
1817 5 1818 766 9802 109 5579 950 9350 169 2087 108
1818 4 1819 426 4956 375 4591 959 4581 220
1819 2 1820 180 3618 118
1820 1 1821 206
1821 3 1822 136 8405 619 7209 389
1822 1 1823 806
1823 2 1824 553 2821 360
1824 2 1825 898 2555 349
1825 2 1826 995 4591 640
1826 1 1827 375
1827 3 1828 544 6774 179 7726 908
1828 2 1829 514 6837 413
1829 1 1830 936
1830 2 1831 280 2467 20
1831 2 1832 851 7746 174
1832 2 1833 169 5896 114
1833 2 1834 264 9948 514
1834 2 1835 936 2519 1000
1835 1 1836 845
1836 3 1837 967 5958 448 6543 665
1837 1 1838 494
1838 1 1839 991
1839 1 1840 826
1840 2 1841 303 7834 491
1841 2 1842 765 5870 174
1842 1 1843 892
1843 3 1844 347 3599 503 6923 552
1844 1 1845 824
1845 3 1846 118 6552 3 7672 382
1846 5 1847 480 4981 413 9918 662 9564 975 6770 407
1847 2 1848 987 4153 751
1848 1 1849 78
1849 1 1850 145
1850 3 1851 773 4443 559 6655 918
1851 2 1852 990 4929 181
1852 1 1853 232
1853 1 1854 881
1854 3 1855 693 6041 80 9341 493
1855 2 1856 742 4624 936
1856 1 1857 691
1857 2 1858 407 7296 969
1858 1 1859 991
1859 2 1860 867 2048 831
1860 3 1861 824 3089 197 4708 714
1861 1 1862 571
1862 2 1863 375 7239 317
1863 1 1864 93
1864 1 1865 810
1865 3 1866 405 4522 643 5067 490
1866 1 1867 15
1867 4 1868 271 5286 472 6927 233 7824 4
1868 2 1869 550 9104 647
1869 1 1870 127
1870 3 1871 466 8764 316 5423 248
1871 2 1872 378 2527 686
1872 1 1873 689
1873 1 1874 767
1874 2 1875 689 2819 163
1875 2 1876 269 3478 877
1876 2 1877 599 5159 978
1877 1 1878 391
1878 2 1879 843 7687 940
1879 2 1880 654 6234 57
1880 2 1881 963 3552 752
1881 1 1882 381
1882 1 1883 111
1883 2 1884 692 8831 528
1884 2 1885 240 8964 270
1885 2 1886 483 4092 63
1886 2 1887 26 3076 408
1887 1 1888 635
1888 3 1889 906 8137 934 6825 94
1889 2 1890 966 6125 675
1890 2 1891 575 7360 150
1891 1 1892 336
1892 1 1893 938
1893 1 1894 625
1894 2 1895 227 9902 515
1895 4 1896 664 5048 291 4279 90 2725 389
1896 2 1897 65 8444 334
1897 1 1898 651
1898 2 1899 844 8905 241
1899 2 1900 476 2890 900
1900 1 1901 932
1901 1 1902 718
1902 3 1903 310 6595 377 2734 169
1903 3 1904 665 6609 381 7528 429
1904 2 1905 419 9425 93
1905 3 1906 120 9477 298 7542 774
1906 2 1907 144 4372 796
1907 3 1908 47 8409 197 5528 86
1908 4 1909 969 3269 925 9842 363 3387 915
1909 1 1910 39
1910 1 1911 312
1911 3 1912 505 2020 176 2636 394
1912 2 1913 119 8228 95
1913 1 1914 100
1914 1 1915 241
1915 2 1916 909 2253 325
1916 3 1917 551 2039 190 9468 408
1917 1 1918 139
1918 1 1919 398
1919 1 1920 465
1920 1 1921 380
1921 3 1922 687 6186 319 3757 588
1922 2 1923 973 3403 883
1923 2 1924 761 9385 447
1924 2 1925 714 6835 717
1925 1 1926 969
1926 1 1927 554
1927 2 1928 430 7167 718
1928 2 1929 602 5674 783
1929 3 1930 761 4973 313 5702 499
1930 5 1931 745 8033 287 9972 146 3010 126 8401 632
1931 3 1932 159 4308 307 4050 927
1932 4 1933 907 6018 237 2600 419 7622 467
1933 1 1934 425
1934 2 1935 671 9069 211
1935 1 1936 102
1936 1 1937 854
1937 2 1938 502 6975 303
1938 2 1939 631 6287 484
1939 3 1940 418 7112 591 3954 592
1940 3 1941 962 6301 933 2326 466
1941 3 1942 975 8473 803 9154 780
1942 1 1943 287
1943 2 1944 34 3765 132
1944 2 1945 707 9871 85
1945 3 1946 380 6874 873 9239 100
1946 2 1947 223 3920 407
1947 1 1948 455
1948 1 1949 456
1949 2 1950 974 5665 490
1950 1 1951 242
1951 2 1952 876 5094 461
1952 1 1953 372
1953 3 1954 102 2970 464 3039 861
1954 2 1955 703 2867 609
1955 3 1956 377 2141 484 2371 860
1956 3 1957 558 2416 455 5192 843
1957 2 1958 924 4676 92
1958 1 1959 661
1959 2 1960 368 7284 202
1960 2 1961 63 8981 230
1961 1 1962 408
1962 1 1963 283
1963 1 1964 195
1964 1 1965 992
1965 3 1966 126 2673 877 9156 692
1966 3 1967 972 2922 85 5704 59
1967 2 1968 869 4442 146
1968 1 1969 844
1969 1 1970 466
1970 6 1971 94 8583 957 4268 659 5667 970 2621 378 6460 956
1971 2 1972 679 7524 594
1972 2 1973 218 4394 752
1973 3 1974 658 3057 411 2605 211
1974 1 1975 655
1975 1 1976 612
1976 3 1977 995 6252 681 6363 203
1977 4 1978 22 6581 230 9913 504 2067 881
1978 1 1979 52
1979 3 1980 806 5409 270 8242 518
1980 1 1981 342
1981 2 1982 250 2406 208
1982 1 1983 129
1983 2 1984 806 3680 191
1984 2 1985 579 2351 836
1985 1 1986 211
1986 3 1987 71 8930 900 3546 224
1987 1 1988 850
1988 1 1989 784
1989 4 1990 568 8896 383 8978 960 4013 261
1990 2 1991 213 3352 203
1991 4 1992 601 9101 502 5192 600 7920 799
1992 1 1993 222
1993 1 1994 833
1994 1 1995 891
1995 1 1996 239
1996 2 1997 337 6904 133
1997 1 1998 793
1998 3 1999 152 5228 383 6059 963
1999 5 2000 808 6381 888 6007 657 7702 606 7351 576
2000 4 2001 923 5943 685 8410 592 3186 625
2001 1 2002 611
2002 2 2003 3 5649 709
2003 3 2004 284 8337 827 4625 484
2004 1 2005 880
2005 1 2006 149
2006 1 2007 134
2007 2 2008 554 4970 394
2008 2 2009 257 9626 660
2009 1 2010 818
2010 1 2011 179
2011 2 2012 113 3919 859
2012 1 2013 677
2013 3 2014 888 9132 544 2403 237
2014 3 2015 27 8818 144 3946 423
2015 1 2016 135
2016 4 2017 16 7468 140 2190 845 6553 241
2017 1 2018 367
2018 3 2019 809 5560 150 9152 539
2019 2 2020 808 9137 378
2020 2 2021 244 9258 449
2021 1 2022 603
2022 1 2023 332
2023 2 2024 17 5337 549
2024 1 2025 179
2025 2 2026 272 8686 803
2026 2 2027 54 3281 494
2027 2 2028 130 3524 591
2028 2 2029 760 7303 573
2029 1 2030 432
2030 1 2031 539
2031 2 2032 117 7789 780
2032 3 2033 764 4563 243 2881 150
2033 3 2034 66 8206 772 2471 105
2034 1 2035 488
2035 2 2036 460 2940 286
2036 1 2037 797
2037 1 2038 371
2038 1 2039 526
2039 2 2040 608 5192 955
2040 1 2041 112
2041 2 2042 463 8616 563
2042 5 2043 516 4310 66 2803 993 7833 431 3320 406
2043 3 2044 227 6190 306 7772 512
2044 1 2045 969
2045 4 2046 630 2746 998 6479 761 3421 287
2046 1 2047 45
2047 1 2048 745
2048 4 2049 803 8931 642 2051 515 9539 694
2049 1 2050 931
2050 2 2051 888 8138 217
2051 1 2052 675
2052 3 2053 534 9636 551 7444 544
2053 2 2054 309 7924 912
2054 3 2055 470 3839 915 6446 415
2055 2 2056 659 8859 441
2056 1 2057 988
2057 2 2058 32 4553 582
2058 2 2059 63 2364 251
2059 2 2060 491 7256 461
2060 3 2061 868 2880 528 9227 531
2061 1 2062 412
2062 1 2063 437
2063 1 2064 703
2064 2 2065 111 6328 554
2065 3 2066 503 3023 332 5362 11
2066 1 2067 730
2067 3 2068 932 8835 470 8780 364
2068 1 2069 455
2069 3 2070 76 6327 680 9224 356
2070 3 2071 921 3239 388 8220 459
2071 2 2072 83 9047 521
2072 1 2073 330
2073 3 2074 623 4266 281 7589 405
2074 1 2075 152
2075 3 2076 68 8604 535 3463 756
2076 2 2077 130 5669 185
2077 3 2078 282 9457 56 5999 774
2078 1 2079 640
2079 2 2080 649 3832 475
2080 2 2081 600 9108 523
2081 1 2082 562
2082 1 2083 730
2083 4 2084 333 7781 897 6735 753 3974 439
2084 1 2085 391
2085 1 2086 612
2086 2 2087 544 6013 630
2087 4 2088 302 9078 321 4749 770 8509 99
2088 2 2089 465 5384 714
2089 3 2090 518 9073 302 2597 942
2090 2 2091 620 4213 10
2091 1 2092 441
2092 1 2093 102
2093 2 2094 813 7699 925
2094 3 2095 719 3699 896 7986 383
2095 3 2096 118 8957 612 3106 688
2096 2 2097 874 9347 950
2097 2 2098 671 3192 697
2098 1 2099 667
2099 2 2100 899 5127 579
2100 2 2101 788 8484 712
2101 2 2102 565 6309 161
2102 3 2103 739 4606 966 7062 741
2103 2 2104 887 6965 884
2104 2 2105 221 6950 830
2105 2 2106 441 8710 781
2106 2 2107 463 3307 623
2107 1 2108 910
2108 2 2109 234 8453 231
2109 4 2110 424 6817 520 2901 940 3789 462
2110 6 2111 348 6822 212 5605 800 2251 861 2201 394 4192 825
2111 3 2112 848 4820 780 6622 38
2112 1 2113 465
2113 2 2114 409 5725 376
2114 2 2115 426 2616 708
2115 3 2116 748 5914 610 8989 621
2116 1 2117 98
2117 2 2118 321 8105 544
2118 1 2119 438
2119 2 2120 321 5174 596
2120 2 2121 682 2782 264
2121 3 2122 262 4338 741 4744 529
2122 2 2123 384 7879 691
2123 1 2124 977
2124 1 2125 157
2125 3 2126 704 7091 408 5189 498
2126 1 2127 946
2127 1 2128 486
2128 1 2129 69
2129 2 2130 94 2822 89
2130 4 2131 852 6032 220 3923 939 4392 79
2131 2 2132 88 9070 609
2132 1 2133 96
2133 3 2134 443 2777 436 5864 747
2134 2 2135 99 4848 370
2135 2 2136 763 3872 867
2136 1 2137 757
2137 1 2138 382
2138 4 2139 832 2256 177 5855 650 5155 740
2139 2 2140 134 8387 954
2140 3 2141 570 3363 29 6264 96
2141 1 2142 62
2142 2 2143 601 8654 195
2143 2 2144 980 9142 649
2144 2 2145 576 4794 771
2145 2 2146 576 8503 662
2146 2 2147 338 6861 113
2147 2 2148 687 3759 362
2148 1 2149 126
2149 4 2150 421 4927 298 8853 759 3219 735
2150 2 2151 363 9715 18
2151 1 2152 895
2152 1 2153 682
2153 1 2154 964
2154 1 2155 769
2155 1 2156 434
2156 1 2157 889
2157 1 2158 938
2158 1 2159 739
2159 2 2160 53 2542 131
2160 3 2161 992 6229 66 3023 844
2161 1 2162 295
2162 1 2163 615
2163 3 2164 320 6893 441 4178 71
2164 1 2165 361
2165 3 2166 107 9576 209 5822 177
2166 2 2167 592 2226 832
2167 2 2168 520 4149 883
2168 2 2169 218 6000 508
2169 3 2170 159 4567 54 2297 571
2170 1 2171 673
2171 2 2172 494 7216 288
2172 1 2173 230
2173 4 2174 868 9990 954 7819 714 6689 643
2174 2 2175 111 4718 55
2175 1 2176 359
2176 2 2177 866 9037 491
2177 2 2178 570 4898 180
2178 2 2179 377 3772 429
2179 1 2180 118
2180 2 2181 781 7780 546
2181 2 2182 286 5203 414
2182 2 2183 588 7404 588
2183 3 2184 232 5040 271 3907 580
2184 3 2185 827 6393 362 5431 221
2185 2 2186 440 3004 811
2186 1 2187 866
2187 3 2188 575 4323 178 2328 800
2188 3 2189 998 9047 857 6731 338
2189 2 2190 786 5535 920
2190 3 2191 839 5423 432 3750 857
2191 1 2192 637
2192 2 2193 629 8873 828
2193 1 2194 692
2194 2 2195 659 4409 971
2195 4 2196 571 8095 989 9362 705 8750 758
2196 1 2197 27
2197 1 2198 624
2198 2 2199 952 7131 566
2199 3 2200 674 6014 625 4658 859
2200 4 2201 850 3823 499 9416 768 9849 878
2201 1 2202 711
2202 2 2203 274 7497 887
2203 3 2204 30 4839 881 2461 121
2204 3 2205 185 5492 358 4011 528
2205 2 2206 280 2449 102
2206 1 2207 720
2207 2 2208 781 5525 660
2208 3 2209 317 8126 614 3081 503
2209 1 2210 944
2210 3 2211 348 7323 308 8095 419
2211 3 2212 360 3580 50 3959 898
2212 1 2213 7
2213 1 2214 186
2214 1 2215 891
2215 2 2216 147 2648 531
2216 3 2217 580 2407 623 7379 295
2217 2 2218 674 3563 537
2218 2 2219 411 4650 931
2219 3 2220 72 5147 168 5889 782
2220 1 2221 146
2221 3 2222 759 6615 145 7379 285
2222 2 2223 649 3722 753
2223 5 2224 996 4032 756 2498 879 9210 140 8980 730
2224 3 2225 32 2918 141 6103 507
2225 1 2226 94
2226 2 2227 765 4674 544
2227 2 2228 544 8199 678
2228 1 2229 221
2229 3 2230 386 2255 411 7278 950
2230 3 2231 430 8141 961 9870 872
2231 2 2232 465 5545 998
2232 1 2233 350
2233 1 2234 162
2234 2 2235 379 6744 521
2235 1 2236 320
2236 3 2237 739 3147 873 4916 687
2237 2 2238 333 4970 979
2238 1 2239 796
2239 2 2240 965 6867 850
2240 1 2241 582
2241 2 2242 611 5666 573
2242 3 2243 87 7046 386 9903 339
2243 2 2244 905 5304 120
2244 2 2245 54 4139 421
2245 3 2246 160 4863 943 2605 327
2246 2 2247 162 2395 260
2247 2 2248 773 4602 342
2248 3 2249 633 5353 671 9938 205
2249 1 2250 51
2250 1 2251 691
2251 4 2252 84 9882 538 9785 849 4467 63
2252 1 2253 279
2253 2 2254 454 3245 25
2254 2 2255 678 9779 656
2255 4 2256 435 8785 46 6356 328 4707 542
2256 3 2257 498 5125 900 5298 583
2257 6 2258 622 3265 869 3218 986 5827 273 7604 228 6319 140
2258 1 2259 453
2259 2 2260 425 6685 49
2260 1 2261 280
2261 4 2262 221 3400 849 5363 839 9170 606
2262 3 2263 774 3640 296 4842 6
2263 1 2264 525
2264 2 2265 117 3581 777
2265 1 2266 354
2266 3 2267 441 5200 619 9502 813
2267 1 2268 114
2268 1 2269 291
2269 3 2270 695 6405 652 9210 352
2270 2 2271 695 4071 86
2271 2 2272 608 9433 721
2272 2 2273 499 3907 941
2273 3 2274 540 4955 582 3005 937
2274 2 2275 684 9067 135
2275 3 2276 316 2486 617 7891 507
2276 2 2277 47 9545 595
2277 1 2278 226
2278 2 2279 405 7114 981
2279 1 2280 614
2280 3 2281 57 3362 759 9987 75
2281 2 2282 8 8853 789
2282 1 2283 210
2283 2 2284 309 4698 472
2284 1 2285 969
2285 1 2286 217
2286 3 2287 786 6044 41 3109 596
2287 2 2288 141 2726 118
2288 2 2289 783 4426 478
2289 1 2290 262
2290 3 2291 297 7247 446 4072 704
2291 2 2292 336 7019 503
2292 4 2293 123 6035 786 5013 534 5460 750
2293 2 2294 8 5224 226
2294 3 2295 510 4575 804 3507 535
2295 2 2296 765 8424 541
2296 1 2297 441
2297 1 2298 180
2298 1 2299 133
2299 3 2300 390 4266 526 5191 847
2300 2 2301 546 9230 89
2301 2 2302 721 3317 996
2302 3 2303 236 4236 115 9620 6
2303 2 2304 513 7343 929
2304 1 2305 573
2305 4 2306 854 4627 287 2688 140 5723 86
2306 1 2307 685
2307 7 2308 826 8606 736 6255 953 5403 548 8840 582 9688 257 8254 3
2308 2 2309 363 8165 953
2309 1 2310 74
2310 1 2311 407
2311 1 2312 883
2312 1 2313 760
2313 1 2314 44
2314 5 2315 447 8520 426 8674 993 6199 208 7145 201
2315 3 2316 20 6168 112 2616 367
2316 3 2317 471 9251 436 5736 845
2317 3 2318 944 8883 355 6066 379
2318 3 2319 80 3991 129 8538 588
2319 4 2320 883 8090 824 6325 670 8188 879
2320 1 2321 321
2321 2 2322 590 7226 253
2322 2 2323 440 9737 475
2323 2 2324 588 4637 269
2324 1 2325 415
2325 3 2326 727 2619 241 9709 871
2326 2 2327 656 4869 403
2327 3 2328 428 8372 769 3060 330
2328 2 2329 297 4230 655
2329 1 2330 118
2330 1 2331 415
2331 2 2332 22 2466 923
2332 3 2333 990 7969 233 5391 554
2333 2 2334 333 7401 93
2334 2 2335 176 5716 915
2335 2 2336 821 3856 123
2336 5 2337 971 7476 615 4184 676 7425 216 4195 1
2337 1 2338 633
2338 4 2339 472 4542 767 5960 612 8604 633
2339 1 2340 852
2340 3 2341 707 3505 803 6864 152
2341 1 2342 942
2342 1 2343 371
2343 1 2344 91
2344 3 2345 448 7586 278 5437 751
2345 2 2346 865 7534 994
2346 2 2347 109 6406 899
2347 1 2348 250
2348 2 2349 447 6831 988
2349 1 2350 604
2350 3 2351 411 9736 107 2936 452
2351 2 2352 537 2942 437
2352 1 2353 81
2353 3 2354 406 4056 311 3045 675
2354 3 2355 892 2460 141 8922 869
2355 2 2356 318 7495 24
2356 2 2357 764 6274 969
2357 2 2358 348 9552 556
2358 1 2359 227
2359 3 2360 342 3856 262 8702 249
2360 1 2361 798
2361 3 2362 173 9204 874 6966 759
2362 1 2363 79
2363 2 2364 523 3239 180
2364 2 2365 649 9849 418
2365 3 2366 117 3570 742 7449 814
2366 3 2367 544 9598 947 3548 769
2367 3 2368 523 8130 80 6364 188
2368 1 2369 199
2369 4 2370 928 2839 244 7554 506 4517 128
2370 2 2371 795 3270 275
2371 2 2372 358 6901 180
2372 4 2373 360 4091 224 4558 640 6258 205
2373 1 2374 745
2374 2 2375 982 5348 487
2375 2 2376 839 8761 978
2376 2 2377 661 7282 350
2377 1 2378 835
2378 5 2379 152 6724 892 7701 248 5560 75 7122 97
2379 4 2380 242 7126 755 9021 400 5405 623
2380 1 2381 106
2381 1 2382 150
2382 2 2383 263 9437 779
2383 1 2384 203
2384 4 2385 178 9314 765 8716 657 9733 656
2385 3 2386 617 3414 241 3735 785
2386 2 2387 157 9512 202
2387 2 2388 779 8667 195
2388 1 2389 778
2389 1 2390 672
2390 2 2391 78 4084 399
2391 1 2392 182
2392 2 2393 975 2642 542
2393 1 2394 792
2394 1 2395 644
2395 4 2396 506 5888 19 3905 862 4362 808
2396 2 2397 476 8775 531
2397 1 2398 773
2398 1 2399 578
2399 1 2400 779
2400 2 2401 594 9446 812
2401 5 2402 460 8231 436 5025 152 8752 97 3052 237
2402 2 2403 698 9851 456
2403 2 2404 947 8816 893
2404 2 2405 904 6202 256
2405 1 2406 579
2406 4 2407 659 8143 414 5399 145 3380 361
2407 1 2408 651
2408 1 2409 640
2409 2 2410 331 8960 579
2410 2 2411 885 6231 698
2411 2 2412 995 6097 886
2412 4 2413 643 5740 605 6362 106 8214 629
2413 3 2414 324 6643 520 7841 450
2414 3 2415 155 4498 254 4875 137
2415 3 2416 451 4442 498 9899 647
2416 2 2417 70 4058 905
2417 1 2418 481
2418 2 2419 453 5503 974
2419 1 2420 647
2420 1 2421 311
2421 3 2422 816 5145 697 7011 883
2422 2 2423 282 2945 699
2423 3 2424 606 5478 460 8289 875
2424 3 2425 58 6490 155 6971 229
2425 3 2426 361 3438 358 8278 877
2426 2 2427 520 7282 32
2427 1 2428 76
2428 1 2429 318
2429 2 2430 473 4118 316
2430 3 2431 463 7217 13 7539 330
2431 2 2432 39 9528 15
2432 1 2433 59
2433 2 2434 378 9591 250
2434 3 2435 852 5119 254 7571 740
2435 2 2436 294 2883 236
2436 1 2437 79
2437 2 2438 661 4846 3
2438 2 2439 885 9110 839
2439 2 2440 876 3086 362
2440 2 2441 93 9926 588
2441 1 2442 630
2442 1 2443 609
2443 1 2444 520
2444 4 2445 394 6155 545 8058 865 7711 592
2445 6 2446 474 3175 982 9535 408 8980 276 4240 873 7303 913
2446 2 2447 595 8367 76
2447 2 2448 568 5720 375
2448 1 2449 978
2449 1 2450 811
2450 1 2451 757
2451 2 2452 918 8713 804
2452 1 2453 43
2453 2 2454 461 5348 321
2454 1 2455 931
2455 2 2456 830 4675 346
2456 2 2457 586 5241 649
2457 1 2458 668
2458 3 2459 193 9929 606 5580 781
2459 2 2460 330 4739 624
2460 2 2461 620 2655 602
2461 3 2462 488 9778 684 6747 990
2462 2 2463 514 2647 982
2463 1 2464 155
2464 2 2465 981 7296 307
2465 2 2466 64 4586 877
2466 3 2467 462 9951 132 4074 228
2467 3 2468 106 2767 330 4212 315
2468 1 2469 831
2469 1 2470 921
2470 2 2471 858 7713 710
2471 2 2472 352 7120 84
2472 2 2473 732 4421 608
2473 2 2474 87 9867 589
2474 2 2475 517 5362 107
2475 2 2476 662 3934 439
2476 3 2477 177 9468 707 4102 701
2477 1 2478 41
2478 3 2479 254 7031 874 3309 696
2479 3 2480 725 8647 540 2935 532
2480 4 2481 449 5363 672 5927 543 5913 10
2481 3 2482 450 9743 925 8863 36
2482 4 2483 537 8073 475 9723 176 2704 842
2483 1 2484 536
2484 2 2485 625 5982 561
2485 1 2486 163
2486 3 2487 373 3433 213 3461 357
2487 2 2488 382 3261 973
2488 1 2489 940
2489 1 2490 290
2490 3 2491 397 3828 426 6454 877
2491 2 2492 419 6922 965
2492 2 2493 794 4902 186
2493 1 2494 347
2494 6 2495 696 9831 8 6887 8 9215 241 4113 984 7461 320
2495 3 2496 613 9878 651 6049 331
2496 4 2497 54 7141 643 4268 888 4355 664
2497 2 2498 809 8550 720
2498 3 2499 647 8473 524 9164 450
2499 1 2500 663
2500 1 2501 343
2501 2 2502 68 2953 427
2502 5 2503 338 4983 637 6874 955 3663 976 4432 137
2503 1 2504 97
2504 1 2505 572
2505 2 2506 695 7100 347
2506 1 2507 396
2507 1 2508 291
2508 2 2509 259 4899 518
2509 3 2510 742 8290 754 6230 550
2510 3 2511 873 3318 715 6769 623
2511 3 2512 673 4277 67 7620 813
2512 2 2513 988 9269 387
2513 2 2514 929 2737 414
2514 2 2515 618 3835 244
2515 2 2516 895 9094 514
2516 1 2517 154
2517 2 2518 342 2876 131
2518 3 2519 84 5883 127 5919 112
2519 1 2520 597
2520 1 2521 680
2521 3 2522 145 9379 855 3956 914
2522 2 2523 939 5358 574
2523 2 2524 359 7209 821
2524 1 2525 318
2525 6 2526 991 9387 508 3513 306 6770 795 7816 419 3717 933
2526 1 2527 672
2527 2 2528 716 2768 882
2528 2 2529 679 7345 937
2529 1 2530 402
2530 2 2531 133 8623 825
2531 1 2532 610
2532 4 2533 726 6656 227 5185 161 6698 931
2533 1 2534 961
2534 2 2535 87 7447 384
2535 4 2536 318 5000 644 4045 793 6404 927
2536 1 2537 573
2537 1 2538 386
2538 1 2539 659
2539 4 2540 811 5800 656 9788 909 4865 14
2540 2 2541 337 6598 540
2541 1 2542 833
2542 1 2543 131
2543 2 2544 687 2845 82
2544 1 2545 720
2545 1 2546 849
2546 1 2547 970
2547 2 2548 757 3032 259
2548 5 2549 702 5368 513 5143 614 2687 702 3098 260
2549 4 2550 935 8020 699 8780 963 3833 101
2550 1 2551 540
2551 3 2552 96 6401 150 3700 712
2552 1 2553 662
2553 2 2554 687 7363 874
2554 3 2555 434 3046 903 9121 315
2555 1 2556 521
2556 2 2557 371 8237 58
2557 1 2558 19
2558 1 2559 372
2559 1 2560 317
2560 2 2561 185 9777 359
2561 1 2562 974
2562 2 2563 220 4276 372
2563 2 2564 350 6074 455
2564 3 2565 971 5766 197 4875 869
2565 2 2566 785 9304 830
2566 1 2567 498
2567 2 2568 197 7971 394
2568 3 2569 232 9036 814 8012 600
2569 2 2570 141 4796 997
2570 2 2571 159 5425 981
2571 2 2572 80 4490 756
2572 3 2573 303 9439 549 3099 839
2573 1 2574 865
2574 1 2575 808
2575 2 2576 104 5313 336
2576 2 2577 520 4554 614
2577 1 2578 790
2578 2 2579 553 3546 888
2579 2 2580 856 5983 837
2580 1 2581 757
2581 3 2582 905 4316 75 9962 846
2582 1 2583 540
2583 4 2584 39 4350 622 3432 991 3820 607
2584 1 2585 678
2585 1 2586 345
2586 2 2587 898 4946 77
2587 4 2588 785 4830 904 7825 188 3400 498
2588 1 2589 633
2589 2 2590 135 9024 30
2590 1 2591 612
2591 1 2592 386
2592 3 2593 158 7263 409 9135 526
2593 4 2594 167 5524 513 7244 650 8055 16
2594 4 2595 186 3634 914 8007 682 8000 760
2595 4 2596 852 6179 237 6870 760 9393 875
2596 1 2597 710
2597 1 2598 790
2598 3 2599 640 4030 848 5372 646
2599 2 2600 829 6720 717
2600 3 2601 925 3421 697 5765 187
2601 2 2602 170 3358 631
2602 2 2603 739 6908 928
2603 2 2604 449 4111 436
2604 1 2605 45
2605 1 2606 421
2606 1 2607 374
2607 1 2608 693
2608 3 2609 737 3989 331 3315 403
2609 2 2610 244 4973 900
2610 2 2611 993 5434 103
2611 1 2612 455
2612 4 2613 626 7905 430 4300 579 4446 739
2613 2 2614 292 3410 55
2614 1 2615 771
2615 1 2616 767
2616 1 2617 803
2617 6 2618 460 8107 945 4438 353 6636 123 8698 805 3967 286
2618 3 2619 240 6611 993 5531 594
2619 4 2620 547 9458 207 6905 401 2732 863
2620 1 2621 245
2621 3 2622 317 2813 29 9623 427
2622 2 2623 989 8063 257
2623 1 2624 829
2624 1 2625 804
2625 3 2626 481 6221 647 3392 112
2626 2 2627 926 5642 758
2627 4 2628 856 8349 268 2717 406 6904 835
2628 1 2629 199
2629 1 2630 377
2630 1 2631 695
2631 1 2632 970
2632 2 2633 585 8340 448
2633 2 2634 452 7878 628
2634 2 2635 473 8466 549
2635 2 2636 788 6844 716
2636 1 2637 289
2637 1 2638 797
2638 2 2639 392 6748 529
2639 2 2640 515 4112 306
2640 1 2641 541
2641 2 2642 429 3361 576
2642 2 2643 990 3172 64
2643 2 2644 166 3790 235
2644 4 2645 837 8700 547 6395 378 8478 521
2645 2 2646 205 6413 947
2646 1 2647 821
2647 4 2648 620 9269 403 5441 408 4004 79
2648 1 2649 142
2649 3 2650 894 9856 594 6821 115
2650 1 2651 257
2651 3 2652 54 6145 209 6075 863
2652 3 2653 657 6124 529 7553 92
2653 1 2654 493
2654 5 2655 896 7749 213 3362 585 6050 900 7264 177
2655 2 2656 381 6211 834
2656 2 2657 568 4930 169
2657 2 2658 957 5070 871
2658 3 2659 106 3517 466 3853 351
2659 3 2660 729 3136 732 8047 898
2660 2 2661 867 4885 238
2661 2 2662 529 7766 493
2662 2 2663 872 4675 945
2663 2 2664 128 5787 479
2664 2 2665 292 5152 499
2665 1 2666 86
2666 2 2667 782 2993 298
2667 1 2668 165
2668 2 2669 280 7402 954
2669 2 2670 461 7257 626
2670 2 2671 928 4391 893
2671 2 2672 526 3511 224
2672 3 2673 151 5191 340 7684 260
2673 2 2674 851 3185 716
2674 3 2675 448 9398 895 7525 437
2675 3 2676 94 5953 468 6151 278
2676 4 2677 970 4003 835 5281 231 3803 932
2677 3 2678 933 9713 39 8100 817
2678 1 2679 228
2679 2 2680 837 2855 370
2680 2 2681 462 9805 664
2681 2 2682 906 7410 141
2682 1 2683 358
2683 1 2684 953
2684 1 2685 28
2685 2 2686 425 5646 100
2686 1 2687 55
2687 1 2688 406
2688 2 2689 515 8434 239
2689 3 2690 383 5943 218 4742 426
2690 3 2691 242 6610 771 4421 252
2691 3 2692 396 2912 757 8246 105
2692 2 2693 84 6248 63
2693 1 2694 384
2694 2 2695 230 5392 319
2695 1 2696 29
2696 1 2697 327
2697 1 2698 954
2698 2 2699 102 8758 233
2699 2 2700 860 8572 550
2700 3 2701 732 4771 213 6596 896
2701 2 2702 666 5455 164
2702 2 2703 344 8908 761
2703 1 2704 811
2704 1 2705 150
2705 1 2706 141
2706 4 2707 40 5244 339 8710 843 5484 211
2707 2 2708 294 6735 492
2708 2 2709 940 6307 485
2709 2 2710 850 7624 687
2710 1 2711 484
2711 1 2712 713
2712 2 2713 852 5664 929
2713 5 2714 143 8507 26 7915 650 8224 506 7634 969
2714 1 2715 778
2715 1 2716 723
2716 1 2717 481
2717 1 2718 460
2718 2 2719 631 3878 298
2719 1 2720 6
2720 2 2721 928 9069 851
2721 3 2722 82 7644 387 7913 854
2722 2 2723 20 4903 731
2723 3 2724 263 8470 849 7253 660
2724 1 2725 221
2725 4 2726 856 7793 947 7633 635 6734 174
2726 2 2727 154 5189 908
2727 3 2728 562 4360 762 7300 542
2728 2 2729 963 5392 669
2729 1 2730 745
2730 1 2731 624
2731 1 2732 541
2732 3 2733 434 8967 436 5744 793
2733 3 2734 114 3057 947 6019 367
2734 4 2735 795 3161 665 9562 108 6698 813
2735 2 2736 296 3334 136
2736 4 2737 244 3097 426 3900 955 2788 651
2737 1 2738 309
2738 1 2739 125
2739 1 2740 49
2740 2 2741 245 4468 592
2741 1 2742 430
2742 1 2743 655
2743 2 2744 813 9127 950
2744 2 2745 638 5982 48
2745 3 2746 469 6547 409 3878 505
2746 1 2747 65
2747 3 2748 114 5769 295 6701 958
2748 3 2749 857 6605 452 4753 367
2749 3 2750 927 5462 821 8433 122
2750 3 2751 512 7642 814 7419 356
2751 2 2752 612 4687 18
2752 1 2753 549
2753 2 2754 17 8458 379
2754 4 2755 648 8672 773 8540 3 3097 14
2755 3 2756 528 9162 252 5185 780
2756 3 2757 589 3218 99 3567 663
2757 2 2758 248 8901 521
2758 2 2759 736 4275 665
2759 2 2760 148 9938 727
2760 4 2761 299 2775 987 4335 514 8644 584
2761 3 2762 440 8287 953 4557 875
2762 1 2763 2
2763 3 2764 630 9846 593 5115 574
2764 4 2765 362 3295 373 3172 411 6325 1000
2765 2 2766 247 5784 272
2766 1 2767 585
2767 2 2768 427 5924 138
2768 1 2769 192
2769 3 2770 681 5761 872 4304 564
2770 2 2771 685 4107 963
2771 2 2772 88 8476 528
2772 1 2773 537
2773 2 2774 999 4475 886
2774 2 2775 370 5138 962
2775 1 2776 70
2776 1 2777 977
2777 1 2778 539
2778 2 2779 558 3379 509
2779 1 2780 520
2780 3 2781 806 9495 75 8116 264
2781 2 2782 520 4077 103
2782 2 2783 568 3242 957
2783 2 2784 21 8715 956
2784 3 2785 400 7520 994 5986 844
2785 2 2786 895 8299 400
2786 1 2787 482
2787 1 2788 45
2788 1 2789 651
2789 3 2790 397 9221 591 9601 711
2790 3 2791 383 3919 598 4320 77
2791 3 2792 260 5611 660 9856 891
2792 1 2793 766
2793 3 2794 17 3094 973 4104 934
2794 2 2795 366 3144 708
2795 1 2796 808
2796 3 2797 70 9640 606 3497 901
2797 1 2798 354
2798 3 2799 247 5111 787 7809 891
2799 1 2800 751
2800 5 2801 673 4279 230 8207 798 3769 856 7483 773
2801 3 2802 644 7663 755 4284 599
2802 2 2803 107 9239 209
2803 3 2804 791 4638 47 7730 335
2804 2 2805 596 9033 352
2805 2 2806 753 4465 354
2806 2 2807 775 3390 319
2807 2 2808 341 2989 574
2808 1 2809 137
2809 1 2810 46
2810 1 2811 361
2811 2 2812 560 6277 968
2812 2 2813 347 8107 175
2813 2 2814 834 3755 399
2814 3 2815 659 9797 162 9092 279
2815 1 2816 180
2816 2 2817 851 2964 758
2817 1 2818 798
2818 2 2819 702 9738 512
2819 3 2820 476 5288 315 2960 994
2820 3 2821 713 3167 262 4908 482
2821 1 2822 491
2822 2 2823 647 8421 930
2823 3 2824 187 5063 764 9596 638
2824 4 2825 831 4255 959 4369 652 9408 522
2825 2 2826 139 9015 386
2826 2 2827 65 4098 591
2827 2 2828 734 3333 832
2828 2 2829 795 4266 146
2829 1 2830 967
2830 2 2831 469 4068 608
2831 1 2832 38
2832 2 2833 301 9240 79
2833 1 2834 207
2834 1 2835 45
2835 1 2836 811
2836 2 2837 205 6979 550
2837 1 2838 908
2838 2 2839 43 3147 905
2839 4 2840 324 7459 447 3783 882 2893 981
2840 2 2841 956 8091 322
2841 3 2842 318 6732 143 3802 742
2842 2 2843 528 5842 635
2843 2 2844 408 4649 287
2844 1 2845 835
2845 1 2846 557
2846 1 2847 485
2847 3 2848 260 6726 768 3106 790
2848 1 2849 38
2849 1 2850 772
2850 2 2851 663 8816 914
2851 1 2852 196
2852 4 2853 293 6784 557 4594 309 9685 511
2853 1 2854 366
2854 2 2855 883 3450 585
2855 2 2856 800 5639 868
2856 2 2857 49 6039 264
2857 1 2858 887
2858 2 2859 672 4062 893
2859 2 2860 340 4841 492
2860 1 2861 280
2861 1 2862 128
2862 1 2863 819
2863 1 2864 377
2864 1 2865 448
2865 1 2866 911
2866 1 2867 410
2867 2 2868 762 2976 591
2868 4 2869 451 7019 936 8475 864 9521 936
2869 2 2870 917 6270 256
2870 4 2871 980 5244 311 6322 200 7100 286
2871 2 2872 396 3568 657
2872 1 2873 348
2873 3 2874 998 5014 802 9749 726
2874 1 2875 192
2875 2 2876 509 9164 224
2876 1 2877 709
2877 1 2878 510
2878 2 2879 377 4986 390
2879 1 2880 947
2880 2 2881 817 6639 439
2881 2 2882 532 4501 270
2882 2 2883 274 5244 562
2883 1 2884 821
2884 2 2885 85 4322 967
2885 4 2886 745 4433 584 3570 146 3272 382
2886 1 2887 435
2887 1 2888 81
2888 1 2889 441
2889 1 2890 617
2890 2 2891 843 7854 255
2891 1 2892 185
2892 1 2893 559
2893 2 2894 301 9222 386
2894 2 2895 329 8851 126
2895 1 2896 106
2896 2 2897 82 8294 483
2897 6 2898 336 7458 676 6677 513 5199 727 5502 820 3874 368
2898 2 2899 677 9869 135
2899 1 2900 303
2900 3 2901 314 6392 788 4233 145
2901 4 2902 457 5960 67 5713 293 7171 85
2902 2 2903 618 4280 650
2903 3 2904 735 9972 645 7356 698
2904 1 2905 437
2905 1 2906 171
2906 1 2907 707
2907 1 2908 455
2908 1 2909 360
2909 1 2910 458
2910 3 2911 44 6188 296 4012 165
2911 4 2912 745 9608 404 4094 451 7109 763
2912 1 2913 891
2913 2 2914 934 7173 778
2914 1 2915 362
2915 1 2916 630
2916 2 2917 446 5202 144
2917 1 2918 282
2918 1 2919 655
2919 3 2920 811 8895 132 7820 326
2920 1 2921 971
2921 3 2922 59 7089 380 3282 438
2922 1 2923 77
2923 3 2924 688 8211 504 4097 43
2924 1 2925 653
2925 1 2926 416
2926 3 2927 373 4230 786 3016 754
2927 1 2928 526
2928 2 2929 821 7303 128
2929 2 2930 768 6565 474
2930 3 2931 696 6404 545 6661 667
2931 1 2932 164
2932 1 2933 976
2933 1 2934 32
2934 2 2935 147 6093 881
2935 3 2936 870 8757 791 9467 9
2936 1 2937 623
2937 1 2938 695
2938 4 2939 801 5071 174 9785 186 7831 968
2939 1 2940 449
2940 2 2941 36 5154 251
2941 1 2942 130
2942 2 2943 69 8003 751
2943 1 2944 242
2944 1 2945 798
2945 3 2946 661 6668 522 7361 897
2946 1 2947 376
2947 2 2948 371 6435 155
2948 1 2949 393
2949 1 2950 973
2950 2 2951 581 5409 861
2951 1 2952 34
2952 2 2953 620 9071 424
2953 3 2954 158 8247 14 5457 136
2954 3 2955 696 5601 822 4730 470
2955 3 2956 461 8260 289 3894 959
2956 2 2957 972 7661 722
2957 3 2958 380 6357 25 6381 40
2958 2 2959 381 3438 866
2959 2 2960 455 3720 80
2960 4 2961 782 5828 492 3303 124 4635 291
2961 2 2962 79 3159 646
2962 2 2963 588 3986 624
2963 1 2964 141
2964 3 2965 543 6871 216 7248 971
2965 2 2966 376 4399 570
2966 2 2967 408 6107 52
2967 3 2968 322 3974 371 9085 975
2968 3 2969 666 4514 876 4296 233
2969 2 2970 286 8525 292
2970 2 2971 256 4791 869
2971 2 2972 984 8537 436
2972 1 2973 117
2973 2 2974 27 6737 190
2974 1 2975 754
2975 4 2976 191 3802 27 5966 901 6128 126
2976 2 2977 512 6231 438
2977 2 2978 531 3724 165
2978 2 2979 397 9888 605
2979 1 2980 936
2980 2 2981 576 5128 14
2981 2 2982 121 7099 972
2982 1 2983 269
2983 1 2984 794
2984 4 2985 267 7379 832 6979 7 8571 103
2985 3 2986 721 9891 403 8934 223
2986 3 2987 457 7863 794 4028 858
2987 1 2988 220
2988 3 2989 627 6837 762 3827 644
2989 1 2990 293
2990 2 2991 711 8967 89
2991 1 2992 939
2992 3 2993 503 6439 657 4906 345
2993 2 2994 205 8644 959
2994 2 2995 126 8968 845
2995 1 2996 139
2996 2 2997 874 8781 92
2997 2 2998 76 8138 509
2998 2 2999 463 3784 319
2999 4 3000 177 9710 758 6595 363 5842 990
3000 2 3001 921 3294 482
3001 3 3002 731 3564 480 9605 684
3002 3 3003 456 9267 97 6232 464
3003 2 3004 90 4457 383
3004 3 3005 830 8736 940 6450 421
3005 3 3006 699 8728 583 8934 785
3006 1 3007 991
3007 4 3008 866 6631 645 4568 849 5878 9
3008 1 3009 328
3009 1 3010 684
3010 3 3011 356 8173 455 7906 606
3011 1 3012 727
3012 3 3013 67 8271 260 9651 301
3013 4 3014 564 4791 98 5602 701 5662 658
3014 3 3015 556 3075 891 6546 456
3015 1 3016 298
3016 2 3017 913 4480 752
3017 2 3018 308 4987 762
3018 2 3019 872 6691 654
3019 2 3020 162 9331 429
3020 1 3021 729
3021 1 3022 727
3022 1 3023 950
3023 2 3024 718 4382 985
3024 1 3025 654
3025 2 3026 179 6800 837
3026 2 3027 813 6412 856
3027 3 3028 371 8859 96 7995 625
3028 4 3029 521 5095 972 4738 841 3777 953
3029 2 3030 230 9453 77
3030 3 3031 125 6736 944 4269 47
3031 1 3032 206
3032 1 3033 812
3033 2 3034 143 6635 690
3034 1 3035 243
3035 1 3036 810
3036 2 3037 506 8626 748
3037 1 3038 27
3038 1 3039 370
3039 1 3040 568
3040 1 3041 587
3041 3 3042 378 5642 606 4385 27
3042 3 3043 479 5310 514 6666 304
3043 2 3044 823 5033 764
3044 1 3045 565
3045 1 3046 133
3046 3 3047 627 5977 252 7113 433
3047 3 3048 906 9866 391 4924 420
3048 2 3049 89 4256 807
3049 2 3050 68 9913 949
3050 2 3051 317 6344 364
3051 2 3052 408 8641 641
3052 2 3053 735 5144 350
3053 1 3054 737
3054 2 3055 491 6947 144
3055 2 3056 539 5080 884
3056 3 3057 421 7782 512 9713 510
3057 1 3058 788
3058 4 3059 420 4689 72 6054 683 6273 43
3059 2 3060 844 4030 180
3060 5 3061 589 8505 202 5073 806 7738 179 6175 16
3061 3 3062 76 5105 288 6839 755
3062 1 3063 129
3063 2 3064 996 5471 197
3064 1 3065 325
3065 1 3066 658
3066 4 3067 76 4796 190 3309 921 4021 572
3067 1 3068 461
3068 2 3069 478 6117 939
3069 1 3070 697
3070 2 3071 530 6258 622
3071 1 3072 353
3072 2 3073 132 7108 561
3073 1 3074 900
3074 1 3075 849
3075 2 3076 799 7404 664
3076 2 3077 565 4269 268
3077 3 3078 656 6590 789 5291 420
3078 3 3079 602 6403 831 3149 145
3079 5 3080 187 3105 654 3642 285 3442 217 5761 621
3080 1 3081 787
3081 2 3082 990 3112 585
3082 1 3083 133
3083 4 3084 444 7634 394 7979 620 5776 667
3084 2 3085 515 5966 988
3085 3 3086 933 8953 1 9380 628
3086 2 3087 890 3339 977
3087 2 3088 57 9601 919
3088 2 3089 852 9604 700
3089 2 3090 128 8965 231
3090 2 3091 531 6495 387
3091 1 3092 157
3092 1 3093 312
3093 2 3094 169 6558 170
3094 3 3095 166 8308 30 4962 780
3095 4 3096 331 9747 957 6211 577 8578 574
3096 2 3097 958 9392 216
3097 3 3098 727 6632 718 6440 620
3098 1 3099 231
3099 2 3100 355 5224 713
3100 1 3101 971
3101 1 3102 964
3102 2 3103 532 6529 185
3103 2 3104 917 6402 181
3104 2 3105 291 9795 798
3105 3 3106 867 8223 213 5439 42
3106 3 3107 81 3141 14 5200 366
3107 2 3108 257 9803 148
3108 1 3109 202
3109 1 3110 651
3110 3 3111 980 3127 377 8066 480
3111 1 3112 565
3112 2 3113 282 7098 622
3113 2 3114 129 9121 851
3114 2 3115 641 7392 618
3115 2 3116 311 8203 653
3116 2 3117 630 9184 835
3117 2 3118 547 4986 602
3118 2 3119 96 5828 597
3119 3 3120 515 7058 976 4007 190
3120 3 3121 657 4701 722 3183 549
3121 2 3122 173 9785 801
3122 1 3123 607
3123 1 3124 965
3124 1 3125 595
3125 2 3126 158 6592 760
3126 1 3127 176
3127 2 3128 675 9287 75
3128 1 3129 640
3129 3 3130 738 5578 713 4853 93
3130 3 3131 924 9253 774 4492 723
3131 2 3132 620 8699 591
3132 1 3133 346
3133 3 3134 863 5989 996 8031 112
3134 2 3135 947 4786 826
3135 2 3136 578 7694 475
3136 1 3137 43
3137 1 3138 846
3138 1 3139 885
3139 1 3140 30
3140 4 3141 84 7503 388 6566 564 9998 39
3141 1 3142 47
3142 1 3143 972
3143 4 3144 657 5268 924 8729 672 8131 694
3144 2 3145 790 9423 406
3145 1 3146 591
3146 2 3147 272 9513 274
3147 1 3148 667
3148 2 3149 216 8719 686
3149 1 3150 786
3150 1 3151 586
3151 2 3152 427 4751 758
3152 4 3153 633 5178 212 7691 733 8240 553
3153 2 3154 655 3580 650
3154 2 3155 32 3331 42
3155 4 3156 510 8658 744 5251 38 6088 621
3156 3 3157 911 9009 382 6528 320
3157 1 3158 643
3158 1 3159 559
3159 1 3160 297
3160 2 3161 658 7165 289
3161 2 3162 980 3615 533
3162 1 3163 310
3163 4 3164 495 5212 178 9853 606 6807 661
3164 1 3165 251
3165 2 3166 825 5584 93
3166 1 3167 827
3167 2 3168 702 9838 627
3168 4 3169 416 4703 112 5307 532 4889 471
3169 1 3170 305
3170 2 3171 465 7725 392
3171 3 3172 75 4434 958 8344 278
3172 2 3173 706 9358 795
3173 1 3174 62
3174 3 3175 162 8580 757 7994 562
3175 1 3176 451
3176 1 3177 426
3177 2 3178 496 3517 921
3178 2 3179 476 6829 909
3179 2 3180 209 5986 306
3180 1 3181 349
3181 3 3182 622 8548 629 4698 69
3182 1 3183 148
3183 2 3184 321 9306 433
3184 3 3185 883 5936 674 4226 989
3185 4 3186 736 7203 326 4620 912 7109 741
3186 1 3187 327
3187 2 3188 752 4865 742
3188 2 3189 882 5227 616
3189 1 3190 354
3190 3 3191 999 5402 112 6857 660
3191 2 3192 409 5832 731
3192 3 3193 134 5769 770 4175 436
3193 1 3194 779
3194 2 3195 380 5774 317
3195 2 3196 528 7908 301
3196 3 3197 576 9029 147 8940 877
3197 2 3198 109 3252 501
3198 3 3199 327 7681 311 3643 190
3199 2 3200 248 4825 208
3200 1 3201 478
3201 2 3202 126 8138 730
3202 2 3203 274 7367 44
3203 2 3204 461 4861 1000
3204 1 3205 254
3205 2 3206 145 9229 667
3206 2 3207 100 3504 391
3207 2 3208 52 5887 920
3208 1 3209 298
3209 2 3210 969 5607 915
3210 1 3211 394
3211 2 3212 885 3388 181
3212 2 3213 631 9939 654
3213 1 3214 429
3214 3 3215 255 7591 623 3315 414
3215 2 3216 986 5222 333
3216 3 3217 887 3980 632 3257 591
3217 2 3218 924 4101 34
3218 2 3219 164 8069 787
3219 3 3220 834 9322 641 3682 261
3220 2 3221 336 3424 18
3221 3 3222 957 8752 338 6988 183
3222 4 3223 592 6786 789 9350 166 3877 455
3223 3 3224 739 6763 600 8914 473
3224 1 3225 321
3225 1 3226 195
3226 1 3227 782
3227 1 3228 164
3228 2 3229 511 5525 177
3229 3 3230 528 8425 329 6564 646
3230 1 3231 479
3231 1 3232 511
3232 3 3233 901 5703 87 9034 508
3233 2 3234 316 9668 334
3234 1 3235 510
3235 1 3236 24
3236 2 3237 93 5243 435
3237 1 3238 968
3238 1 3239 403
3239 1 3240 518
3240 4 3241 469 4475 422 3418 510 9026 622
3241 2 3242 990 5569 179
3242 3 3243 247 8871 867 5245 947
3243 3 3244 221 7279 222 4463 367
3244 2 3245 598 5644 967
3245 4 3246 362 4719 898 6343 638 3862 493
3246 3 3247 50 9087 777 5167 328
3247 1 3248 52
3248 3 3249 289 4960 902 7473 496
3249 1 3250 507
3250 1 3251 612
3251 1 3252 904
3252 1 3253 864
3253 3 3254 670 8454 897 9261 792
3254 3 3255 689 4939 790 7049 605
3255 2 3256 482 9264 763
3256 2 3257 293 9377 694
3257 2 3258 550 7173 284
3258 1 3259 9
3259 2 3260 868 8757 823
3260 3 3261 111 7187 983 8812 995
3261 2 3262 442 6036 206
3262 1 3263 138
3263 4 3264 904 3572 603 4172 754 4573 424
3264 2 3265 271 4715 303
3265 1 3266 745
3266 2 3267 375 6220 991
3267 2 3268 783 9800 221
3268 3 3269 413 4549 621 5317 139
3269 1 3270 375
3270 3 3271 47 4015 886 5878 393
3271 2 3272 411 8848 877
3272 2 3273 53 5714 91
3273 3 3274 584 5917 136 5301 453
3274 3 3275 576 7285 457 5498 434
3275 3 3276 200 6398 40 8993 741
3276 1 3277 372
3277 3 3278 567 4791 687 9564 966
3278 4 3279 296 8426 313 3733 955 4050 173
3279 1 3280 76
3280 1 3281 396
3281 4 3282 517 3398 702 5938 454 8826 134
3282 4 3283 462 8530 931 9590 842 8255 413
3283 1 3284 783
3284 1 3285 564
3285 1 3286 287
3286 2 3287 846 5399 514
3287 2 3288 639 8287 403
3288 1 3289 697
3289 3 3290 626 7703 635 9940 14
3290 1 3291 122
3291 1 3292 132
3292 2 3293 999 5607 329
3293 3 3294 100 4387 533 5257 846
3294 1 3295 404
3295 2 3296 383 5144 735
3296 1 3297 814
3297 4 3298 348 9730 71 9611 957 4591 150
3298 3 3299 572 6458 912 6534 824
3299 1 3300 962
3300 1 3301 375
3301 1 3302 774
3302 2 3303 148 7044 760
3303 2 3304 204 4164 609
3304 3 3305 617 4956 542 9870 700
3305 2 3306 522 8535 952
3306 1 3307 412
3307 2 3308 513 6905 993
3308 1 3309 42
3309 2 3310 47 4552 385
3310 1 3311 40
3311 2 3312 141 4020 569
3312 2 3313 731 5593 51
3313 2 3314 342 5022 678
3314 2 3315 824 5725 568
3315 1 3316 486
3316 2 3317 532 3369 156
3317 1 3318 468
3318 2 3319 153 9111 774
3319 1 3320 621
3320 2 3321 915 6812 346
3321 1 3322 528
3322 3 3323 144 8867 611 8276 459
3323 1 3324 336
3324 2 3325 954 9302 59
3325 3 3326 628 7029 884 7442 734
3326 3 3327 327 9716 410 4297 430
3327 3 3328 167 4774 568 8627 307
3328 2 3329 403 6288 400
3329 1 3330 632
3330 4 3331 758 3472 934 4438 802 5138 327
3331 2 3332 863 6908 93
3332 1 3333 307
3333 1 3334 608
3334 1 3335 345
3335 4 3336 520 6714 274 4459 862 5221 666
3336 1 3337 849
3337 2 3338 522 9255 243
3338 1 3339 546
3339 2 3340 502 5097 835
3340 1 3341 726
3341 1 3342 577
3342 1 3343 307
3343 3 3344 487 8532 649 6847 382
3344 1 3345 836
3345 4 3346 18 6546 66 6349 643 7774 833
3346 3 3347 378 7612 975 4527 304
3347 1 3348 340
3348 3 3349 690 8608 39 5284 520
3349 1 3350 113
3350 1 3351 427
3351 2 3352 598 9207 418
3352 2 3353 316 4867 116
3353 4 3354 816 4339 942 7149 134 5783 912
3354 2 3355 921 4488 343
3355 1 3356 743
3356 2 3357 894 8709 755
3357 1 3358 705
3358 2 3359 645 9354 317
3359 1 3360 28
3360 2 3361 612 8977 281
3361 2 3362 486 7969 725
3362 1 3363 272
3363 2 3364 991 4508 823
3364 1 3365 672
3365 1 3366 802
3366 1 3367 996
3367 2 3368 795 7860 482
3368 2 3369 593 4992 806
3369 4 3370 592 8952 899 5907 443 6475 776
3370 3 3371 234 6478 189 5608 418
3371 2 3372 739 5381 850
3372 5 3373 53 7791 56 9288 500 7005 146 9051 406
3373 3 3374 598 6126 509 9067 80
3374 1 3375 492
3375 1 3376 175
3376 2 3377 537 6862 509
3377 2 3378 645 8148 87
3378 4 3379 739 9765 641 5146 987 6615 948
3379 2 3380 635 4856 62
3380 1 3381 794
3381 1 3382 862
3382 3 3383 390 4447 892 6544 582
3383 1 3384 152
3384 4 3385 842 7829 359 6665 72 6260 755
3385 1 3386 698
3386 1 3387 249
3387 2 3388 33 8066 656
3388 2 3389 587 7912 859
3389 1 3390 971
3390 1 3391 718
3391 2 3392 113 6326 504
3392 1 3393 196
3393 3 3394 20 3547 801 6844 322
3394 3 3395 452 5193 917 8662 844
3395 3 3396 322 7070 163 3614 826
3396 1 3397 429
3397 1 3398 156
3398 1 3399 423
3399 4 3400 708 8795 920 8072 848 6414 626
3400 2 3401 209 4571 844
3401 1 3402 421
3402 2 3403 514 4153 966
3403 3 3404 794 5214 843 5501 548
3404 1 3405 627
3405 2 3406 943 3821 284
3406 3 3407 483 5376 421 9332 792
3407 4 3408 894 6609 104 8576 702 3894 637
3408 2 3409 869 3444 835
3409 1 3410 754
3410 2 3411 745 9648 224
3411 2 3412 64 7294 134
3412 3 3413 723 4388 364 9817 992
3413 1 3414 142
3414 5 3415 532 9887 258 9236 39 8012 595 3427 778
3415 1 3416 213
3416 2 3417 575 9233 183
3417 2 3418 333 6534 51
3418 1 3419 679
3419 1 3420 490
3420 1 3421 539
3421 2 3422 386 5074 311
3422 2 3423 322 4278 536
3423 2 3424 980 8907 268
3424 2 3425 178 8246 392
3425 3 3426 471 4191 349 5045 136
3426 2 3427 935 3997 539
3427 4 3428 546 9613 576 4738 971 5437 605
3428 2 3429 351 7868 654
3429 1 3430 560
3430 1 3431 363
3431 1 3432 693
3432 4 3433 791 9562 408 5952 55 6048 203
3433 1 3434 889
3434 2 3435 739 4420 964
3435 1 3436 698
3436 3 3437 659 6407 399 6250 233
3437 2 3438 823 5213 708
3438 2 3439 710 7325 240
3439 3 3440 271 6684 140 7329 880
3440 2 3441 625 7820 119
3441 1 3442 496
3442 1 3443 197
3443 2 3444 981 9319 114
3444 3 3445 253 5944 468 8676 856
3445 1 3446 286
3446 1 3447 572
3447 2 3448 306 9074 608
3448 1 3449 231
3449 1 3450 965
3450 4 3451 997 9452 957 6155 950 3455 68
3451 2 3452 305 6978 532
3452 2 3453 790 5568 224
3453 1 3454 296
3454 2 3455 722 4430 650
3455 2 3456 213 9493 706
3456 1 3457 707
3457 2 3458 722 8481 683
3458 1 3459 501
3459 1 3460 325
3460 1 3461 492
3461 2 3462 358 4576 286
3462 2 3463 574 5784 908
3463 2 3464 957 9453 135
3464 3 3465 957 6029 524 7852 381
3465 3 3466 815 3653 976 8306 329
3466 1 3467 739
3467 3 3468 281 4864 772 8245 311
3468 2 3469 295 8825 684
3469 1 3470 125
3470 1 3471 588
3471 2 3472 693 9229 767
3472 1 3473 557
3473 1 3474 389
3474 2 3475 918 4849 150
3475 1 3476 405
3476 5 3477 839 9320 393 7796 223 9331 473 7676 659
3477 1 3478 354
3478 2 3479 978 8248 820
3479 1 3480 792
3480 1 3481 824
3481 3 3482 150 3589 687 6946 870
3482 2 3483 298 5003 206
3483 2 3484 44 7214 485
3484 3 3485 295 6167 747 9925 699
3485 2 3486 979 8279 861
3486 1 3487 732
3487 3 3488 81 4306 976 3864 696
3488 1 3489 355
3489 2 3490 947 8903 986
3490 2 3491 453 3509 756
3491 1 3492 672
3492 2 3493 263 5451 493
3493 2 3494 766 9806 743
3494 1 3495 491
3495 1 3496 220
3496 3 3497 207 5399 103 7872 678
3497 2 3498 848 6120 582
3498 2 3499 552 5044 680
3499 2 3500 278 6204 196
3500 2 3501 956 8884 990
3501 2 3502 576 6711 377
3502 3 3503 713 4370 366 8541 302
3503 1 3504 279
3504 1 3505 141
3505 2 3506 112 4918 430
3506 1 3507 631
3507 4 3508 759 5757 451 8993 915 3811 301
3508 2 3509 601 4320 177
3509 2 3510 246 3536 445
3510 2 3511 249 7723 234
3511 2 3512 52 8371 838
3512 1 3513 686
3513 2 3514 927 6950 488
3514 2 3515 544 5304 380
3515 1 3516 232
3516 2 3517 654 9379 683
3517 2 3518 239 4814 250
3518 1 3519 54
3519 2 3520 103 7232 637
3520 2 3521 424 7810 267
3521 1 3522 339
3522 1 3523 735
3523 1 3524 484
3524 2 3525 103 4832 278
3525 1 3526 698
3526 1 3527 790
3527 2 3528 141 5825 801
3528 1 3529 6
3529 1 3530 988
3530 3 3531 564 8734 664 5639 702
3531 3 3532 952 5850 745 5206 899
3532 3 3533 162 8062 751 5611 312
3533 2 3534 417 9496 910
3534 2 3535 669 7590 299
3535 1 3536 958
3536 1 3537 902
3537 2 3538 900 6073 576
3538 2 3539 488 4729 13
3539 2 3540 489 8387 368
3540 2 3541 667 6721 530
3541 4 3542 205 6393 215 7377 839 5253 994
3542 3 3543 775 6033 792 6715 336
3543 3 3544 988 7516 294 4266 545
3544 4 3545 295 6918 909 8350 45 8030 332
3545 3 3546 329 6956 503 5028 882
3546 5 3547 293 8393 485 5840 183 9984 421 4591 135
3547 2 3548 662 3856 76
3548 2 3549 61 9101 988
3549 2 3550 930 9402 36
3550 2 3551 788 9941 653
3551 1 3552 92
3552 1 3553 668
3553 1 3554 588
3554 3 3555 238 3796 336 9392 196
3555 2 3556 548 9419 197
3556 2 3557 757 6681 613
3557 1 3558 741
3558 3 3559 871 6325 565 4678 761
3559 2 3560 960 7470 318
3560 1 3561 39
3561 1 3562 936
3562 2 3563 944 7252 722
3563 2 3564 180 8127 252
3564 2 3565 428 8374 716
3565 2 3566 904 9817 408
3566 1 3567 858
3567 2 3568 181 6029 122
3568 3 3569 957 8419 714 8993 199
3569 1 3570 942
3570 2 3571 38 4674 628
3571 2 3572 857 4659 368
3572 3 3573 407 7688 779 4393 331
3573 2 3574 807 5839 983
3574 1 3575 508
3575 1 3576 191
3576 1 3577 960
3577 4 3578 767 6406 100 6249 823 4841 252
3578 3 3579 986 4995 725 3585 304
3579 1 3580 894
3580 2 3581 949 6948 309
3581 2 3582 297 9690 193
3582 1 3583 898
3583 1 3584 39
3584 1 3585 10
3585 1 3586 306
3586 2 3587 582 6800 189
3587 3 3588 618 5734 737 5625 476
3588 2 3589 110 9468 258
3589 1 3590 951
3590 3 3591 344 5631 445 7184 766
3591 2 3592 292 7239 316
3592 1 3593 466
3593 3 3594 657 7810 133 7132 433
3594 2 3595 557 9536 291
3595 2 3596 537 5212 260
3596 1 3597 506
3597 1 3598 911
3598 2 3599 962 5611 380
3599 2 3600 138 9096 144
3600 2 3601 872 4979 995
3601 2 3602 517 4618 908
3602 3 3603 480 6020 619 5010 826
3603 2 3604 280 9245 465
3604 1 3605 198
3605 1 3606 829
3606 1 3607 116
3607 3 3608 339 9124 201 5808 629
3608 3 3609 167 9010 146 3952 46
3609 3 3610 749 6037 726 6631 66
3610 4 3611 470 7264 366 6279 687 3804 11
3611 1 3612 664
3612 2 3613 264 9337 652
3613 2 3614 736 4130 824
3614 2 3615 191 5261 574
3615 3 3616 15 4218 483 7695 86
3616 4 3617 755 5192 801 7065 500 3772 738
3617 1 3618 346
3618 1 3619 810
3619 1 3620 303
3620 1 3621 582
3621 2 3622 691 4654 674
3622 1 3623 776
3623 2 3624 198 4642 31
3624 1 3625 180
3625 2 3626 626 4319 75
3626 2 3627 877 6147 339
3627 1 3628 655
3628 2 3629 919 3633 570
3629 1 3630 416
3630 2 3631 847 9467 328
3631 1 3632 438
3632 1 3633 528
3633 3 3634 336 6066 199 9186 117
3634 3 3635 89 9991 18 9296 200
3635 2 3636 411 4794 826
3636 1 3637 686
3637 1 3638 98
3638 2 3639 190 7104 460
3639 2 3640 144 8374 141
3640 3 3641 489 6742 975 5234 560
3641 3 3642 332 6454 543 5241 128
3642 1 3643 959
3643 3 3644 255 8491 969 4290 95
3644 3 3645 7 8626 894 8482 264
3645 2 3646 268 3687 839
3646 1 3647 393
3647 2 3648 242 7879 281
3648 3 3649 458 4403 430 7075 680
3649 2 3650 772 8344 258
3650 3 3651 274 8091 564 7407 373
3651 2 3652 977 8439 691
3652 2 3653 338 9168 114
3653 2 3654 310 4231 653
3654 2 3655 597 6066 800
3655 1 3656 741
3656 1 3657 587
3657 1 3658 12
3658 1 3659 268
3659 2 3660 670 8846 4
3660 3 3661 369 6446 887 8302 56
3661 2 3662 710 3981 195
3662 2 3663 242 7795 109
3663 1 3664 64
3664 2 3665 684 8973 67
3665 2 3666 122 3674 7
3666 4 3667 477 4844 882 6528 920 8218 886
3667 2 3668 315 4594 884
3668 1 3669 164
3669 1 3670 416
3670 1 3671 703
3671 2 3672 515 8405 999
3672 2 3673 946 6403 741
3673 3 3674 917 8979 703 4809 625
3674 1 3675 910
3675 3 3676 721 3872 233 7357 206
3676 1 3677 789
3677 4 3678 319 9523 209 9372 225 9448 877
3678 3 3679 707 3898 811 4070 608
3679 4 3680 121 4137 765 8311 516 9199 970
3680 3 3681 655 7964 106 4750 482
3681 1 3682 939
3682 1 3683 964
3683 2 3684 303 5995 2
3684 2 3685 377 6484 712
3685 1 3686 630
3686 1 3687 227
3687 2 3688 225 9425 754
3688 1 3689 981
3689 2 3690 137 5110 921
3690 3 3691 490 6331 438 6251 7
3691 2 3692 157 5256 347
3692 3 3693 466 5843 417 6793 863
3693 2 3694 766 6319 362
3694 2 3695 621 7616 44
3695 2 3696 383 9918 309
3696 2 3697 426 9345 434
3697 3 3698 719 7707 619 6625 85
3698 3 3699 563 5221 435 5940 11
3699 1 3700 935
3700 2 3701 483 8817 761
3701 2 3702 776 7835 493
3702 2 3703 551 5245 280
3703 1 3704 822
3704 1 3705 681
3705 1 3706 846
3706 2 3707 224 6472 291
3707 3 3708 781 9861 734 5970 144
3708 1 3709 254
3709 2 3710 697 7663 832
3710 2 3711 773 8791 717
3711 1 3712 611
3712 1 3713 895
3713 2 3714 807 7181 438
3714 3 3715 84 7548 115 4045 459
3715 3 3716 539 9098 957 5572 180
3716 2 3717 458 3993 892
3717 1 3718 541
3718 1 3719 721
3719 2 3720 371 9373 864
3720 3 3721 80 7317 259 9736 393
3721 1 3722 940
3722 1 3723 578
3723 1 3724 115
3724 1 3725 64
3725 3 3726 849 6662 653 4515 578
3726 1 3727 561
3727 1 3728 925
3728 3 3729 518 5587 741 5727 600
3729 1 3730 208
3730 1 3731 587
3731 2 3732 550 4538 122
3732 4 3733 154 6297 950 8990 179 7022 747
3733 3 3734 169 6868 944 8464 18
3734 3 3735 336 4233 975 3964 872
3735 2 3736 875 7598 696
3736 1 3737 533
3737 2 3738 453 7997 622
3738 3 3739 120 4869 822 4803 130
3739 3 3740 697 8082 17 7533 178
3740 1 3741 211
3741 4 3742 735 9815 208 6787 940 8137 813
3742 1 3743 598
3743 1 3744 501
3744 2 3745 94 5949 376
3745 3 3746 921 4483 725 4129 151
3746 4 3747 523 4058 854 4855 679 9164 963
3747 3 3748 457 4476 998 9595 456
3748 2 3749 829 6249 651
3749 1 3750 57
3750 2 3751 465 9551 608
3751 1 3752 136
3752 1 3753 526
3753 3 3754 426 9661 692 4572 494
3754 2 3755 468 8105 942
3755 3 3756 578 4088 228 6476 82
3756 1 3757 60
3757 1 3758 573
3758 1 3759 474
3759 2 3760 689 6471 869
3760 3 3761 827 6423 737 6264 13
3761 1 3762 316
3762 1 3763 741
3763 1 3764 23
3764 2 3765 406 9802 718
3765 1 3766 261
3766 1 3767 837
3767 1 3768 4
3768 3 3769 764 8942 791 5208 911
3769 2 3770 224 4901 512
3770 1 3771 593
3771 1 3772 75
3772 3 3773 47 7594 639 6491 364
3773 1 3774 434
3774 2 3775 353 9340 744
3775 3 3776 718 9458 970 6058 554
3776 2 3777 66 4780 130
3777 1 3778 555
3778 3 3779 62 8582 161 6530 716
3779 1 3780 958
3780 2 3781 916 7371 841
3781 3 3782 71 8929 966 9800 596
3782 1 3783 957
3783 2 3784 484 5752 430
3784 2 3785 33 5619 282
3785 1 3786 294
3786 1 3787 419
3787 1 3788 185
3788 1 3789 788
3789 1 3790 139
3790 4 3791 785 7043 543 4445 818 3815 29
3791 3 3792 657 5608 345 9851 328
3792 1 3793 747
3793 3 3794 662 9795 815 3823 748
3794 4 3795 987 5561 827 8829 77 6024 996
3795 1 3796 431
3796 2 3797 384 9775 744
3797 2 3798 913 4833 247
3798 1 3799 392
3799 3 3800 460 6193 685 7267 744
3800 2 3801 891 9234 462
3801 1 3802 940
3802 3 3803 929 7465 379 4398 982
3803 2 3804 387 4057 584
3804 1 3805 385
3805 1 3806 83
3806 2 3807 700 8063 661
3807 1 3808 988
3808 2 3809 678 7933 602
3809 2 3810 896 5643 769
3810 3 3811 553 7935 333 9688 9
3811 4 3812 137 8412 68 5062 978 4508 626
3812 1 3813 670
3813 1 3814 881
3814 1 3815 357
3815 1 3816 122
3816 2 3817 183 9080 18
3817 2 3818 551 5597 791
3818 3 3819 403 6203 676 5541 52
3819 1 3820 542
3820 2 3821 131 4842 149
3821 1 3822 746
3822 2 3823 229 5250 781
3823 4 3824 855 5655 266 7622 93 6431 841
3824 2 3825 4 4366 259
3825 1 3826 775
3826 4 3827 24 4643 974 4682 522 7532 775
3827 1 3828 306
3828 2 3829 475 3877 391
3829 5 3830 690 3982 276 5274 59 4598 322 5728 551
3830 2 3831 737 3907 140
3831 1 3832 558
3832 1 3833 435
3833 1 3834 545
3834 3 3835 389 5591 415 4521 618
3835 1 3836 844
3836 1 3837 236
3837 1 3838 254
3838 1 3839 472
3839 2 3840 355 4518 986
3840 4 3841 159 7084 224 9126 498 4554 691
3841 3 3842 283 5235 604 6473 799
3842 2 3843 194 5438 295
3843 1 3844 960
3844 2 3845 897 5060 174
3845 6 3846 743 5561 571 6710 112 6468 554 7191 106 7400 321
3846 2 3847 784 7761 497
3847 2 3848 116 7577 891
3848 2 3849 33 8915 613
3849 2 3850 829 8328 267
3850 2 3851 677 4603 773
3851 1 3852 430
3852 4 3853 630 6876 371 6199 250 6386 683
3853 1 3854 785
3854 2 3855 959 8385 297
3855 3 3856 905 9765 456 5983 7
3856 1 3857 911
3857 2 3858 17 6294 216
3858 1 3859 247
3859 1 3860 212
3860 2 3861 69 5433 121
3861 3 3862 104 7847 901 9570 355
3862 1 3863 609
3863 1 3864 35
3864 2 3865 458 5707 252
3865 2 3866 613 7330 224
3866 1 3867 689
3867 1 3868 721
3868 3 3869 894 7193 245 9978 596
3869 3 3870 50 7842 186 7412 558
3870 2 3871 251 9672 839
3871 4 3872 759 7049 661 3923 498 7469 457
3872 5 3873 46 7497 398 5115 24 7794 548 8918 624
3873 3 3874 412 4948 659 7076 915
3874 3 3875 450 7913 521 7575 210
3875 2 3876 240 3995 153
3876 2 3877 553 4740 922
3877 1 3878 223
3878 4 3879 773 9712 514 4476 795 8890 122
3879 2 3880 885 8975 956
3880 1 3881 795
3881 1 3882 58
3882 4 3883 144 5554 334 4598 885 8952 610
3883 1 3884 516
3884 1 3885 297
3885 2 3886 240 6578 551
3886 2 3887 836 9108 959
3887 1 3888 939
3888 1 3889 750
3889 3 3890 590 7796 884 6567 310
3890 3 3891 327 6911 54 4566 943
3891 2 3892 592 4769 253
3892 1 3893 613
3893 3 3894 792 9488 503 4500 211
3894 1 3895 689
3895 2 3896 839 9209 798
3896 1 3897 329
3897 2 3898 243 4384 441
3898 2 3899 310 9311 451
3899 1 3900 898
3900 3 3901 147 9842 613 7001 817
3901 2 3902 677 6010 214
3902 1 3903 534
3903 2 3904 227 4984 930
3904 2 3905 424 9524 187
3905 1 3906 308
3906 1 3907 282
3907 1 3908 63
3908 3 3909 571 5547 94 3945 824
3909 4 3910 972 8330 117 5304 323 6864 595
3910 2 3911 606 7466 850
3911 1 3912 901
3912 2 3913 753 9651 314
3913 1 3914 934
3914 2 3915 180 9300 171
3915 2 3916 642 9296 362
3916 1 3917 696
3917 1 3918 438
3918 2 3919 570 5663 227
3919 3 3920 508 5349 626 7766 968
3920 3 3921 49 5356 484 8784 114
3921 1 3922 996
3922 2 3923 353 5950 593
3923 2 3924 965 7944 193
3924 3 3925 659 4035 465 9827 413
3925 3 3926 688 8816 601 6885 682
3926 1 3927 391
3927 2 3928 805 7996 146
3928 1 3929 538
3929 1 3930 327
3930 2 3931 714 7507 380
3931 1 3932 427
3932 2 3933 419 4700 170
3933 5 3934 153 7201 92 9867 319 5276 836 5210 24
3934 2 3935 308 6963 829
3935 1 3936 386
3936 2 3937 189 4176 131
3937 1 3938 773
3938 2 3939 551 5171 765
3939 1 3940 485
3940 4 3941 247 4621 572 6217 179 8730 363
3941 2 3942 870 5074 717
3942 2 3943 231 8756 816
3943 3 3944 308 5342 524 5832 226
3944 4 3945 879 8533 403 8291 8 8781 181
3945 1 3946 725
3946 1 3947 148
3947 1 3948 826
3948 1 3949 475
3949 2 3950 937 7595 751
3950 1 3951 60
3951 2 3952 576 4313 488
3952 1 3953 423
3953 1 3954 992
3954 1 3955 427
3955 1 3956 571
3956 1 3957 543
3957 1 3958 138
3958 1 3959 398
3959 2 3960 249 8508 6
3960 1 3961 262
3961 2 3962 209 9977 689
3962 3 3963 339 8099 584 6567 580
3963 1 3964 663
3964 3 3965 81 9033 62 9069 548
3965 2 3966 945 7035 814
3966 2 3967 461 4596 482
3967 2 3968 868 6347 740
3968 2 3969 380 5237 690
3969 4 3970 95 9815 973 8249 147 7252 305
3970 1 3971 549
3971 2 3972 742 9374 663
3972 2 3973 850 7178 806
3973 2 3974 196 7001 265
3974 1 3975 53
3975 2 3976 275 5625 302
3976 3 3977 387 7415 775 8043 412
3977 2 3978 690 7991 501
3978 1 3979 620
3979 2 3980 618 9423 301
3980 1 3981 41
3981 1 3982 895
3982 3 3983 75 7936 216 7260 847
3983 3 3984 193 5298 334 9147 417
3984 2 3985 824 4687 320
3985 2 3986 780 4761 418
3986 1 3987 602
3987 2 3988 742 9914 437
3988 1 3989 688
3989 2 3990 573 5723 383
3990 3 3991 223 6060 741 8492 681
3991 4 3992 491 8759 42 7054 703 9861 441
3992 4 3993 214 8481 163 7928 821 5296 792
3993 2 3994 891 9681 819
3994 1 3995 929
3995 3 3996 341 8719 279 7607 508
3996 1 3997 311
3997 2 3998 980 8259 142
3998 3 3999 931 6691 249 5859 182
3999 1 4000 16
4000 1 4001 217
4001 3 4002 960 6030 241 8317 915
4002 3 4003 195 9478 954 7653 85
4003 2 4004 986 8735 759
4004 1 4005 760
4005 1 4006 121
4006 5 4007 765 8738 877 4075 883 6307 385 8245 800
4007 3 4008 773 8984 249 5913 108
4008 1 4009 491
4009 5 4010 937 4243 123 5272 702 6107 817 7412 269
4010 1 4011 249
4011 1 4012 713
4012 1 4013 619
4013 2 4014 721 7353 691
4014 2 4015 210 7229 456
4015 4 4016 407 5886 707 5909 684 7652 14
4016 2 4017 938 7361 199
4017 1 4018 246
4018 3 4019 566 7746 931 5872 835
4019 4 4020 330 5870 451 5732 362 4464 715
4020 2 4021 795 9954 851
4021 2 4022 290 5263 772
4022 1 4023 390
4023 3 4024 478 7955 22 5602 897
4024 3 4025 547 5755 28 5539 752
4025 1 4026 665
4026 2 4027 368 8955 542
4027 2 4028 316 4131 735
4028 2 4029 268 7168 429
4029 1 4030 369
4030 1 4031 526
4031 1 4032 904
4032 3 4033 510 5748 968 6091 492
4033 1 4034 478
4034 3 4035 101 7030 145 6877 684
4035 4 4036 823 4740 667 7264 942 9275 524
4036 2 4037 740 6312 901
4037 1 4038 481
4038 2 4039 780 4480 474
4039 1 4040 860
4040 2 4041 328 9234 975
4041 1 4042 937
4042 2 4043 209 6564 858
4043 3 4044 380 6029 490 8564 346
4044 2 4045 321 8352 337
4045 4 4046 424 8455 593 4387 262 8696 617
4046 1 4047 47
4047 1 4048 577
4048 1 4049 885
4049 1 4050 227
4050 1 4051 760
4051 2 4052 150 4328 279
4052 2 4053 17 9511 841
4053 1 4054 268
4054 2 4055 567 8831 444
4055 2 4056 958 7927 113
4056 2 4057 599 4728 343
4057 2 4058 594 4920 336
4058 1 4059 738
4059 1 4060 428
4060 2 4061 303 7616 566
4061 2 4062 157 6579 503
4062 2 4063 201 7701 274
4063 1 4064 338
4064 1 4065 236
4065 2 4066 389 5516 500
4066 1 4067 584
4067 2 4068 854 6998 678
4068 3 4069 252 9699 713 4753 275
4069 1 4070 512
4070 1 4071 564
4071 2 4072 671 4708 632
4072 3 4073 967 6943 73 7438 1000
4073 5 4074 702 4432 941 8437 129 4147 188 9023 946
4074 4 4075 346 4186 37 6341 457 5671 318
4075 3 4076 264 8317 379 7646 905
4076 2 4077 782 5162 729
4077 2 4078 842 9011 683
4078 2 4079 501 8084 973
4079 3 4080 990 5532 579 8304 199
4080 2 4081 741 9130 877
4081 6 4082 658 9637 624 8084 577 9220 193 7312 131 8686 181
4082 1 4083 758
4083 2 4084 503 7396 870
4084 1 4085 472
4085 2 4086 173 8323 663
4086 1 4087 751
4087 2 4088 815 4774 341
4088 1 4089 361
4089 1 4090 174
4090 1 4091 144
4091 2 4092 738 7161 931
4092 2 4093 560 8509 872
4093 3 4094 501 5779 870 5356 297
4094 1 4095 189
4095 2 4096 939 5459 583
4096 4 4097 911 6576 764 6924 652 4857 855
4097 1 4098 556
4098 4 4099 658 5951 482 4931 408 7255 98
4099 1 4100 981
4100 1 4101 61
4101 1 4102 537
4102 2 4103 35 6127 111
4103 2 4104 860 5041 39
4104 3 4105 868 9454 830 9719 124
4105 2 4106 77 7758 20
4106 2 4107 968 5619 748
4107 3 4108 838 8116 510 5222 11
4108 2 4109 685 8265 993
4109 2 4110 50 5547 359
4110 1 4111 783
4111 3 4112 7 6936 754 6326 151
4112 1 4113 423
4113 2 4114 141 8573 94
4114 2 4115 863 7897 445
4115 3 4116 646 5611 957 8485 817
4116 4 4117 237 7984 474 7038 86 5991 754
4117 4 4118 70 9920 570 8059 503 5193 158
4118 2 4119 725 9761 1
4119 1 4120 155
4120 1 4121 10
4121 1 4122 224
4122 1 4123 518
4123 2 4124 467 6429 773
4124 1 4125 383
4125 3 4126 62 9814 364 6589 250
4126 2 4127 633 4800 474
4127 3 4128 654 5709 35 4904 615
4128 1 4129 683
4129 2 4130 957 5207 616
4130 3 4131 632 4156 444 5106 416
4131 2 4132 935 7281 249
4132 1 4133 495
4133 2 4134 676 4439 21
4134 3 4135 500 7622 346 5911 524
4135 1 4136 17
4136 2 4137 7 8160 449
4137 3 4138 545 8728 999 5157 990
4138 2 4139 565 8897 944
4139 2 4140 422 5573 275
4140 2 4141 13 5714 526
4141 2 4142 18 9094 756
4142 1 4143 543
4143 2 4144 740 9720 574
4144 2 4145 282 9808 132
4145 3 4146 549 4500 68 6392 641
4146 1 4147 294
4147 2 4148 18 7200 225
4148 4 4149 515 5276 341 7114 817 9118 940
4149 2 4150 833 6140 15
4150 2 4151 715 6564 479
4151 1 4152 691
4152 1 4153 441
4153 1 4154 826
4154 1 4155 963
4155 2 4156 932 8289 635
4156 1 4157 184
4157 1 4158 110
4158 1 4159 941
4159 1 4160 99
4160 1 4161 537
4161 2 4162 153 6951 365
4162 3 4163 247 8206 889 7733 671
4163 1 4164 197
4164 1 4165 635
4165 1 4166 540
4166 1 4167 259
4167 3 4168 835 9314 818 6873 742
4168 2 4169 363 4474 520
4169 3 4170 274 5166 198 6801 570
4170 2 4171 815 6217 226
4171 1 4172 407
4172 1 4173 81
4173 2 4174 383 9138 74
4174 3 4175 983 8230 466 5680 597
4175 2 4176 416 8972 84
4176 1 4177 471
4177 3 4178 579 6313 391 9489 620
4178 2 4179 250 6773 72
4179 1 4180 714
4180 3 4181 232 7892 153 4479 713
4181 1 4182 308
4182 2 4183 701 8350 115
4183 3 4184 848 6847 110 5269 483
4184 2 4185 869 8899 658
4185 3 4186 83 5110 642 8600 753
4186 2 4187 670 6651 93
4187 1 4188 879
4188 2 4189 666 6664 77
4189 2 4190 778 7490 34
4190 2 4191 33 9930 485
4191 3 4192 96 7976 475 8692 409
4192 1 4193 416
4193 2 4194 389 6608 853
4194 2 4195 387 7816 666
4195 2 4196 566 6815 757
4196 1 4197 488
4197 1 4198 58
4198 2 4199 653 4797 98
4199 1 4200 10
4200 2 4201 720 8469 601
4201 3 4202 176 9828 616 4764 837
4202 2 4203 85 9780 733
4203 1 4204 512
4204 1 4205 866
4205 2 4206 445 6684 267
4206 2 4207 661 4493 87
4207 2 4208 804 8917 805
4208 2 4209 340 9557 761
4209 2 4210 580 7290 645
4210 1 4211 879
4211 1 4212 998
4212 1 4213 98
4213 2 4214 917 4959 118
4214 1 4215 541
4215 1 4216 942
4216 3 4217 44 4289 322 5048 178
4217 2 4218 236 4815 811
4218 1 4219 217
4219 2 4220 923 8526 122
4220 3 4221 889 9676 488 5208 728
4221 2 4222 709 5094 844
4222 1 4223 909
4223 2 4224 581 4391 901
4224 1 4225 487
4225 2 4226 278 9370 703
4226 1 4227 48
4227 5 4228 947 7205 402 8914 514 6490 266 7410 251
4228 2 4229 77 8956 572
4229 1 4230 701
4230 4 4231 948 7694 697 5615 674 7386 194
4231 3 4232 288 7341 157 7529 490
4232 1 4233 921
4233 3 4234 557 6509 675 6231 639
4234 3 4235 578 6494 593 9209 544
4235 2 4236 674 7473 492
4236 2 4237 34 6793 391
4237 3 4238 184 9432 119 9511 182
4238 2 4239 952 9109 552
4239 2 4240 871 5829 917
4240 2 4241 323 4434 524
4241 1 4242 17
4242 1 4243 985
4243 4 4244 213 5090 36 6335 619 6563 730
4244 2 4245 602 6353 17
4245 3 4246 148 6947 514 5287 721
4246 2 4247 771 9788 278
4247 1 4248 841
4248 1 4249 730
4249 2 4250 841 9964 451
4250 4 4251 408 5758 851 9216 772 7234 739
4251 2 4252 952 6176 359
4252 2 4253 79 5526 503
4253 3 4254 307 5521 386 5927 37
4254 3 4255 167 6394 341 7837 353
4255 2 4256 578 6443 865
4256 2 4257 247 9702 13
4257 2 4258 581 8178 162
4258 1 4259 855
4259 4 4260 870 6117 496 7065 303 6630 868
4260 2 4261 399 6752 548
4261 1 4262 694
4262 1 4263 919
4263 4 4264 554 5603 723 8793 163 9230 220
4264 1 4265 340
4265 2 4266 394 7482 123
4266 3 4267 774 7295 189 5224 321
4267 2 4268 758 7658 109
4268 1 4269 144
4269 1 4270 810
4270 2 4271 706 9113 901
4271 4 4272 742 4719 275 8832 544 5929 973
4272 3 4273 81 6135 246 8884 909
4273 3 4274 513 7198 694 9363 451
4274 2 4275 764 5917 343
4275 1 4276 998
4276 3 4277 355 6356 592 8853 928
4277 2 4278 55 5577 848
4278 3 4279 101 5556 62 8008 307
4279 1 4280 448
4280 2 4281 238 6293 387
4281 1 4282 859
4282 1 4283 78
4283 1 4284 349
4284 2 4285 620 7266 823
4285 1 4286 788
4286 1 4287 629
4287 3 4288 978 8731 352 5703 927
4288 1 4289 610
4289 4 4290 407 6219 633 5118 22 7997 247
4290 1 4291 993
4291 1 4292 793
4292 2 4293 335 4848 671
4293 1 4294 31
4294 1 4295 650
4295 1 4296 280
4296 2 4297 803 8439 867
4297 3 4298 462 7105 848 7074 162
4298 1 4299 503
4299 3 4300 234 6913 462 5705 415
4300 4 4301 365 9050 772 6108 649 6611 106
4301 1 4302 567
4302 1 4303 964
4303 4 4304 385 9100 242 5377 149 6996 831
4304 3 4305 443 8048 953 5064 306
4305 3 4306 191 8777 451 4856 994
4306 3 4307 697 9898 44 8173 957
4307 2 4308 600 8925 105
4308 1 4309 677
4309 2 4310 390 9661 31
4310 4 4311 88 9335 390 7988 444 5655 654
4311 2 4312 791 5627 215
4312 2 4313 634 9334 850
4313 2 4314 303 5782 724
4314 1 4315 818
4315 4 4316 253 5510 734 7691 1000 7129 251
4316 1 4317 731
4317 3 4318 76 4504 407 5860 39
4318 4 4319 85 7852 380 9662 493 8828 525
4319 1 4320 275
4320 3 4321 158 4730 396 9102 525
4321 2 4322 390 8557 321
4322 3 4323 729 6749 729 4953 175
4323 1 4324 803
4324 1 4325 650
4325 1 4326 158
4326 2 4327 758 5496 499
4327 2 4328 399 5680 905
4328 2 4329 325 5549 565
4329 3 4330 370 9704 591 4738 387
4330 3 4331 110 7332 273 5788 815
4331 2 4332 94 5282 54
4332 1 4333 6
4333 4 4334 966 6852 859 5129 338 8695 733
4334 3 4335 316 5092 502 6633 276
4335 2 4336 456 9190 51
4336 3 4337 369 5794 452 6796 913
4337 1 4338 780
4338 4 4339 277 9350 440 9669 558 9603 312
4339 1 4340 105
4340 1 4341 136
4341 2 4342 90 8403 990
4342 3 4343 192 7139 990 8815 433
4343 2 4344 442 7674 213
4344 3 4345 460 4734 305 9439 329
4345 1 4346 571
4346 3 4347 569 8198 156 5072 746
4347 2 4348 525 4383 544
4348 2 4349 418 4974 808
4349 1 4350 106
4350 2 4351 27 8304 806
4351 3 4352 92 5321 950 4703 999
4352 2 4353 363 8316 139
4353 1 4354 568
4354 3 4355 96 5328 432 5581 714
4355 1 4356 612
4356 3 4357 613 9154 544 5967 22
4357 1 4358 804
4358 5 4359 333 7409 733 4907 461 5124 803 4490 18
4359 2 4360 885 4419 682
4360 1 4361 395
4361 4 4362 13 6720 765 6317 68 4879 669
4362 1 4363 299
4363 1 4364 424
4364 2 4365 398 6391 789
4365 1 4366 798
4366 1 4367 87
4367 1 4368 743
4368 3 4369 923 5056 177 6558 80
4369 2 4370 573 5052 936
4370 4 4371 927 4605 488 5449 336 8898 363
4371 1 4372 249
4372 1 4373 586
4373 1 4374 534
4374 1 4375 174
4375 3 4376 702 5181 262 7405 885
4376 2 4377 390 5556 146
4377 1 4378 174
4378 3 4379 143 5843 301 6959 610
4379 3 4380 276 4579 688 7680 649
4380 2 4381 309 8506 697
4381 1 4382 275
4382 2 4383 505 9523 557
4383 3 4384 150 6996 715 7811 791
4384 2 4385 65 5809 764
4385 3 4386 172 7870 439 8536 204
4386 1 4387 446
4387 2 4388 283 5648 939
4388 1 4389 432
4389 2 4390 307 5818 94
4390 2 4391 496 7271 393
4391 1 4392 802
4392 2 4393 79 9532 487
4393 1 4394 370
4394 3 4395 258 6617 896 9645 96
4395 3 4396 967 8452 211 9603 344
4396 3 4397 253 9158 411 4783 33
4397 1 4398 739
4398 1 4399 641
4399 4 4400 508 8923 122 6326 441 6689 68
4400 1 4401 609
4401 2 4402 632 7231 439
4402 2 4403 201 7205 130
4403 2 4404 469 6074 596
4404 2 4405 110 6704 589
4405 1 4406 139
4406 2 4407 312 5150 526
4407 4 4408 7 8584 448 9000 374 6080 349
4408 1 4409 972
4409 4 4410 406 9114 857 9882 593 7694 475
4410 1 4411 341
4411 5 4412 862 7777 949 7390 288 8275 236 6967 468
4412 4 4413 636 9280 674 4657 680 5547 75
4413 3 4414 390 9600 714 6287 956
4414 2 4415 824 6628 93
4415 2 4416 883 5306 450
4416 3 4417 338 9120 4 9525 301
4417 2 4418 451 5235 256
4418 1 4419 343
4419 3 4420 441 8403 128 9289 721
4420 2 4421 836 9438 556
4421 1 4422 844
4422 2 4423 881 8677 746
4423 2 4424 667 5119 79
4424 2 4425 998 5891 117
4425 2 4426 609 5446 545
4426 2 4427 140 9750 110
4427 1 4428 308
4428 2 4429 329 6706 603
4429 2 4430 618 5200 705
4430 2 4431 971 8109 968
4431 1 4432 712
4432 1 4433 206
4433 1 4434 491
4434 1 4435 322
4435 3 4436 182 9090 471 5708 686
4436 1 4437 988
4437 3 4438 408 7827 530 7657 396
4438 3 4439 992 6158 738 8480 442
4439 2 4440 327 4727 208
4440 3 4441 299 9417 102 7647 26
4441 3 4442 753 8722 331 6805 948
4442 1 4443 712
4443 1 4444 649
4444 1 4445 503
4445 1 4446 991
4446 2 4447 590 6868 311
4447 3 4448 801 8980 985 6188 963
4448 3 4449 249 6144 189 5101 454
4449 2 4450 334 7700 701
4450 2 4451 386 4589 584
4451 2 4452 288 6132 903
4452 1 4453 837
4453 1 4454 805
4454 3 4455 403 8396 82 6219 488
4455 4 4456 374 5996 241 9258 205 5277 498
4456 2 4457 117 8635 560
4457 1 4458 955
4458 4 4459 578 4794 391 5275 579 9252 35
4459 2 4460 205 7148 963
4460 1 4461 607
4461 1 4462 559
4462 1 4463 185
4463 1 4464 699
4464 1 4465 787
4465 2 4466 564 7880 902
4466 5 4467 28 7211 277 7819 707 9168 548 7443 729
4467 3 4468 976 5691 162 4509 417
4468 5 4469 745 5586 30 7090 497 7226 157 8910 643
4469 2 4470 473 9084 913
4470 2 4471 966 9969 446
4471 1 4472 726
4472 3 4473 215 9747 966 8943 446
4473 2 4474 449 4748 663
4474 1 4475 817
4475 2 4476 299 6688 24
4476 1 4477 852
4477 2 4478 710 9202 814
4478 5 4479 71 7874 180 7792 443 9641 605 7520 455
4479 1 4480 839
4480 2 4481 869 9182 490
4481 3 4482 815 8217 283 5196 295
4482 1 4483 815
4483 2 4484 419 5421 16
4484 1 4485 690
4485 2 4486 512 4701 507
4486 1 4487 143
4487 3 4488 649 9623 696 8071 51
4488 4 4489 311 5364 77 9049 629 4555 628
4489 1 4490 248
4490 1 4491 259
4491 4 4492 675 5548 297 6529 733 7095 53
4492 2 4493 158 4652 839
4493 2 4494 733 7457 276
4494 2 4495 434 8031 192
4495 2 4496 809 5196 256
4496 3 4497 387 6058 723 5408 859
4497 1 4498 76
4498 1 4499 460
4499 1 4500 613
4500 3 4501 491 7099 772 9804 919
4501 3 4502 597 6689 474 6835 758
4502 2 4503 411 9969 892
4503 1 4504 548
4504 2 4505 519 9761 491
4505 2 4506 946 7251 346
4506 2 4507 943 8849 154
4507 2 4508 891 9208 213
4508 2 4509 709 7713 396
4509 4 4510 429 6614 15 6087 177 8955 560
4510 3 4511 557 9380 37 9108 516
4511 1 4512 38
4512 3 4513 810 7229 743 6845 55
4513 3 4514 992 7196 12 6076 435
4514 1 4515 369
4515 3 4516 719 8422 987 9594 555
4516 1 4517 917
4517 1 4518 832
4518 3 4519 550 5135 977 6257 469
4519 3 4520 609 8024 534 6581 656
4520 1 4521 654
4521 3 4522 937 5439 714 6242 599
4522 2 4523 88 6879 120
4523 3 4524 112 9191 259 7241 985
4524 4 4525 788 5262 501 5644 246 8610 431
4525 2 4526 255 5698 373
4526 3 4527 674 7060 196 4677 780
4527 2 4528 681 7294 31
4528 3 4529 364 8026 709 6847 659
4529 3 4530 171 7807 421 5398 585
4530 2 4531 663 7082 862
4531 1 4532 628
4532 1 4533 46
4533 2 4534 577 4944 403
4534 1 4535 661
4535 1 4536 694
4536 1 4537 663
4537 1 4538 410
4538 1 4539 991
4539 4 4540 771 8727 582 8972 172 8996 975
4540 1 4541 340
4541 3 4542 989 8581 994 6870 441
4542 2 4543 816 9349 821
4543 1 4544 441
4544 5 4545 109 9294 357 9836 91 9207 513 5597 747
4545 2 4546 11 7398 130
4546 2 4547 101 5295 761
4547 1 4548 265
4548 1 4549 228
4549 1 4550 523
4550 4 4551 765 5640 277 5721 861 4825 816
4551 3 4552 532 9452 809 7259 512
4552 3 4553 572 6209 739 4859 33
4553 4 4554 595 6157 24 7995 546 9949 806
4554 3 4555 705 5121 218 5735 767
4555 1 4556 590
4556 2 4557 227 7158 660
4557 2 4558 457 9200 444
4558 6 4559 384 9270 901 9586 522 6087 590 7214 778 8500 697
4559 3 4560 401 5242 365 8994 226
4560 1 4561 475
4561 3 4562 791 7036 508 4695 995
4562 4 4563 696 9887 639 5748 93 6347 619
4563 3 4564 603 9331 608 6991 492
4564 1 4565 708
4565 6 4566 513 5721 99 5073 662 8199 444 5719 199 5094 344
4566 2 4567 155 9714 996
4567 1 4568 354
4568 2 4569 26 6650 261
4569 1 4570 495
4570 4 4571 108 9435 797 7269 976 5244 822
4571 1 4572 303
4572 1 4573 426
4573 2 4574 943 5895 175
4574 2 4575 985 7700 509
4575 2 4576 88 8364 252
4576 2 4577 119 7915 812
4577 2 4578 852 6021 444
4578 2 4579 964 6615 378
4579 4 4580 748 7026 884 4745 934 6584 828
4580 1 4581 146
4581 4 4582 357 9016 648 7668 592 7170 966
4582 2 4583 320 6030 263
4583 2 4584 352 8907 626
4584 3 4585 467 6965 526 6797 18
4585 1 4586 804
4586 2 4587 212 5944 471
4587 1 4588 534
4588 1 4589 495
4589 2 4590 357 9312 373
4590 2 4591 488 6748 46
4591 2 4592 100 8855 926
4592 2 4593 449 8051 401
4593 4 4594 740 6399 737 5630 81 9595 862
4594 1 4595 714
4595 1 4596 464
4596 3 4597 327 7234 792 9143 349
4597 2 4598 69 7722 772
4598 2 4599 308 7383 871
4599 2 4600 46 8637 927
4600 4 4601 830 8633 66 8531 128 5785 130
4601 2 4602 728 6908 737
4602 1 4603 118
4603 3 4604 24 7557 949 7882 114
4604 1 4605 870
4605 2 4606 352 7824 106
4606 1 4607 664
4607 2 4608 112 6651 1000
4608 2 4609 694 6339 644
4609 1 4610 820
4610 4 4611 169 6787 570 8961 666 6400 726
4611 1 4612 953
4612 2 4613 759 5746 691
4613 1 4614 250
4614 1 4615 529
4615 3 4616 179 8391 998 8007 674
4616 4 4617 566 6244 87 6703 937 7888 767
4617 4 4618 164 6025 924 7545 79 9296 437
4618 1 4619 339
4619 1 4620 574
4620 1 4621 437
4621 3 4622 982 6064 103 9514 720
4622 1 4623 474
4623 4 4624 238 4879 241 8604 85 5957 555
4624 2 4625 817 7564 794
4625 2 4626 415 5930 398
4626 2 4627 645 7888 513
4627 2 4628 189 5334 684
4628 3 4629 191 7354 705 4988 979
4629 1 4630 656
4630 2 4631 674 4989 322
4631 1 4632 443
4632 2 4633 406 9332 459
4633 2 4634 30 6699 830
4634 1 4635 756
4635 2 4636 629 9373 671
4636 2 4637 905 7341 408
4637 3 4638 203 6951 714 9633 386
4638 2 4639 461 7108 25
4639 1 4640 607
4640 2 4641 440 7714 576
4641 3 4642 399 9344 251 8754 682
4642 1 4643 5
4643 4 4644 722 5838 765 8388 124 9971 85
4644 1 4645 220
4645 1 4646 211
4646 1 4647 286
4647 3 4648 771 9531 123 9321 413
4648 3 4649 721 4911 403 9443 76
4649 1 4650 829
4650 1 4651 816
4651 3 4652 65 6402 96 7136 292
4652 3 4653 592 8543 461 5045 78
4653 1 4654 105
4654 4 4655 819 6134 855 9186 572 8586 8
4655 1 4656 893
4656 4 4657 550 8148 599 5566 484 5184 74
4657 2 4658 192 9278 73
4658 2 4659 375 6673 219
4659 2 4660 334 8394 980
4660 2 4661 202 5796 67
4661 2 4662 469 7386 19
4662 1 4663 117
4663 1 4664 269
4664 2 4665 687 4690 919
4665 1 4666 884
4666 3 4667 502 6023 122 6372 639
4667 2 4668 541 9432 630
4668 3 4669 990 9970 771 7217 397
4669 1 4670 655
4670 2 4671 321 4763 602
4671 1 4672 612
4672 1 4673 398
4673 4 4674 626 6167 997 9219 446 8789 730
4674 2 4675 402 7373 231
4675 2 4676 602 8375 30
4676 3 4677 117 6464 437 4942 256
4677 2 4678 357 7940 803
4678 2 4679 361 9648 822
4679 1 4680 866
4680 2 4681 469 7500 745
4681 1 4682 633
4682 2 4683 177 4825 324
4683 4 4684 834 9223 952 5642 74 9245 986
4684 2 4685 690 5116 684
4685 1 4686 723
4686 3 4687 820 5214 477 8249 898
4687 2 4688 305 6535 207
4688 1 4689 941
4689 1 4690 630
4690 2 4691 605 6078 256
4691 1 4692 87
4692 1 4693 689
4693 3 4694 138 7026 877 5075 170
4694 1 4695 321
4695 2 4696 121 8061 562
4696 1 4697 245
4697 1 4698 313
4698 2 4699 120 9180 16
4699 4 4700 188 9919 749 7971 235 6661 964
4700 2 4701 383 7499 322
4701 2 4702 711 6788 308
4702 2 4703 145 9995 165
4703 2 4704 524 9867 727
4704 1 4705 398
4705 4 4706 429 5157 541 8480 542 8729 535
4706 2 4707 611 8144 993
4707 3 4708 142 6851 230 7686 874
4708 1 4709 589
4709 2 4710 393 9090 475
4710 3 4711 434 6105 667 9404 251
4711 1 4712 191
4712 1 4713 499
4713 3 4714 651 8131 184 7412 249
4714 1 4715 551
4715 3 4716 711 9277 165 4927 754
4716 2 4717 942 6960 499
4717 1 4718 661
4718 3 4719 954 6293 481 6158 292
4719 2 4720 178 9568 886
4720 1 4721 569
4721 1 4722 171
4722 2 4723 502 5252 819
4723 3 4724 296 9331 956 4927 715
4724 1 4725 144
4725 2 4726 192 4938 227
4726 3 4727 323 5755 138 4921 235
4727 4 4728 863 7395 382 9166 876 7967 3
4728 2 4729 462 9946 248
4729 3 4730 635 6429 351 7849 985
4730 1 4731 55
4731 3 4732 887 7267 556 5237 940
4732 1 4733 368
4733 1 4734 975
4734 5 4735 10 9604 526 8842 637 4744 153 6932 858
4735 2 4736 497 8894 513
4736 2 4737 140 6406 424
4737 2 4738 200 6979 29
4738 1 4739 835
4739 3 4740 394 6111 1 5965 148
4740 2 4741 987 5899 241
4741 1 4742 576
4742 2 4743 518 9280 503
4743 1 4744 669
4744 1 4745 507
4745 3 4746 419 8778 25 4860 272
4746 2 4747 702 9982 59
4747 2 4748 504 9858 572
4748 5 4749 426 9448 683 6773 965 8298 282 7272 76
4749 3 4750 728 6809 400 7161 310
4750 1 4751 861
4751 2 4752 455 9048 636
4752 3 4753 501 6687 373 4774 41
4753 1 4754 172
4754 3 4755 85 6077 933 6771 403
4755 1 4756 579
4756 1 4757 32
4757 2 4758 815 4813 318
4758 1 4759 780
4759 1 4760 226
4760 3 4761 300 8368 200 9393 494
4761 1 4762 34
4762 3 4763 282 6633 538 6654 389
4763 1 4764 231
4764 3 4765 551 5068 500 8076 731
4765 1 4766 296
4766 2 4767 173 5789 792
4767 1 4768 800
4768 1 4769 469
4769 1 4770 580
4770 1 4771 761
4771 2 4772 792 7284 968
4772 1 4773 785
4773 2 4774 508 6730 210
4774 3 4775 563 4954 144 9532 598
4775 3 4776 524 7970 631 6799 211
4776 1 4777 116
4777 2 4778 587 9854 867
4778 3 4779 117 9117 655 7927 867
4779 2 4780 275 8083 465
4780 2 4781 794 6028 59
4781 3 4782 557 7365 463 5846 306
4782 2 4783 844 8472 682
4783 2 4784 376 5966 125
4784 1 4785 556
4785 1 4786 843
4786 4 4787 775 8403 781 6923 164 6600 315
4787 1 4788 43
4788 2 4789 779 8491 636
4789 4 4790 737 7937 264 5470 364 6896 426
4790 1 4791 452
4791 2 4792 560 6001 834
4792 1 4793 224
4793 1 4794 436
4794 2 4795 105 8504 569
4795 2 4796 754 8360 777
4796 1 4797 850
4797 2 4798 670 8921 68
4798 1 4799 770
4799 2 4800 254 9586 547
4800 2 4801 305 5331 916
4801 3 4802 896 7846 633 9961 622
4802 3 4803 34 5505 387 5882 189
4803 3 4804 461 5964 880 6394 818
4804 1 4805 270
4805 1 4806 357
4806 4 4807 883 8004 983 5782 345 5939 218
4807 3 4808 837 9183 456 9199 379
4808 2 4809 90 9631 437
4809 1 4810 450
4810 2 4811 887 6630 467
4811 4 4812 121 8528 111 7866 498 6796 385
4812 2 4813 795 4904 724
4813 3 4814 832 4866 639 5034 632
4814 1 4815 243
4815 2 4816 215 9841 584
4816 4 4817 831 7723 841 5882 533 8943 881
4817 1 4818 756
4818 1 4819 603
4819 3 4820 706 5837 548 6341 654
4820 2 4821 360 8359 460
4821 1 4822 882
4822 1 4823 728
4823 1 4824 625
4824 1 4825 648
4825 1 4826 439
4826 1 4827 170
4827 3 4828 631 7197 172 5542 164
4828 2 4829 143 4956 465
4829 1 4830 804
4830 2 4831 212 8024 284
4831 4 4832 834 7491 59 8433 813 6033 908
4832 1 4833 212
4833 3 4834 825 6390 704 8609 63
4834 1 4835 61
4835 2 4836 584 6235 535
4836 2 4837 360 7214 501
4837 2 4838 546 6006 306
4838 1 4839 288
4839 1 4840 612
4840 1 4841 552
4841 5 4842 173 6393 382 6045 262 6127 615 9031 233
4842 3 4843 332 8725 918 7919 792
4843 2 4844 721 6166 70
4844 1 4845 300
4845 2 4846 297 8280 412
4846 3 4847 587 6805 664 5765 854
4847 1 4848 274
4848 1 4849 976
4849 2 4850 879 7300 863
4850 1 4851 527
4851 1 4852 922
4852 3 4853 696 5045 556 6329 115
4853 2 4854 835 6047 873
4854 1 4855 98
4855 1 4856 139
4856 2 4857 986 9384 658
4857 1 4858 769
4858 2 4859 805 7680 769
4859 2 4860 422 8348 771
4860 3 4861 941 6334 44 9461 760
4861 2 4862 61 5702 524
4862 4 4863 284 6859 988 8017 617 6610 995
4863 2 4864 888 6657 512
4864 4 4865 672 6212 204 5578 532 8917 676
4865 1 4866 130
4866 1 4867 719
4867 1 4868 887
4868 1 4869 136
4869 1 4870 256
4870 1 4871 150
4871 2 4872 729 9514 950
4872 1 4873 330
4873 3 4874 849 8077 628 5160 921
4874 1 4875 254
4875 2 4876 780 6175 22
4876 2 4877 864 7448 602
4877 1 4878 693
4878 1 4879 403
4879 2 4880 502 8501 407
4880 3 4881 146 5999 594 8679 96
4881 5 4882 592 9571 755 8207 937 4951 107 9874 454
4882 3 4883 648 5403 923 8343 497
4883 1 4884 276
4884 1 4885 643
4885 1 4886 425
4886 1 4887 385
4887 1 4888 463
4888 3 4889 78 7788 110 5237 457
4889 2 4890 649 5836 619
4890 1 4891 814
4891 2 4892 902 6072 190
4892 1 4893 788
4893 1 4894 96
4894 2 4895 413 8811 29
4895 1 4896 528
4896 1 4897 768
4897 3 4898 285 7764 677 9595 65
4898 1 4899 712
4899 1 4900 959
4900 4 4901 899 6205 23 5565 249 7498 140
4901 1 4902 378
4902 1 4903 466
4903 2 4904 974 6855 635
4904 1 4905 500
4905 1 4906 336
4906 2 4907 596 7215 843
4907 4 4908 3 7884 993 8759 422 7968 25
4908 3 4909 890 8446 158 9348 516
4909 3 4910 793 8339 337 7074 889
4910 2 4911 868 6674 981
4911 2 4912 751 6409 43
4912 5 4913 96 6092 44 8246 24 8049 846 7153 684
4913 4 4914 749 8460 680 8577 177 9152 552
4914 2 4915 996 7074 871
4915 3 4916 470 4918 77 9450 6
4916 3 4917 651 5658 385 5755 637
4917 3 4918 681 8789 128 5780 273
4918 2 4919 715 6040 713
4919 3 4920 367 8486 421 6554 821
4920 1 4921 871
4921 2 4922 65 6958 536
4922 2 4923 815 8831 270
4923 1 4924 548
4924 2 4925 408 5017 221
4925 1 4926 224
4926 2 4927 992 6805 719
4927 1 4928 440
4928 1 4929 845
4929 2 4930 217 9142 809
4930 2 4931 507 8727 152
4931 1 4932 275
4932 3 4933 331 7156 702 7431 88
4933 2 4934 849 7626 728
4934 2 4935 291 8515 890
4935 1 4936 346
4936 3 4937 561 5569 628 8703 793
4937 2 4938 592 9433 896
4938 2 4939 134 5816 757
4939 2 4940 580 9207 107
4940 3 4941 873 5936 943 7292 357
4941 1 4942 497
4942 2 4943 808 5027 773
4943 1 4944 352
4944 1 4945 916
4945 1 4946 699
4946 2 4947 781 8513 96
4947 2 4948 50 8194 251
4948 2 4949 48 9839 319
4949 2 4950 102 6652 862
4950 1 4951 642
4951 2 4952 803 9053 991
4952 2 4953 857 5874 421
4953 1 4954 471
4954 2 4955 17 6942 595
4955 3 4956 128 6006 3 5738 209
4956 2 4957 952 6675 918
4957 2 4958 879 7145 366
4958 1 4959 162
4959 4 4960 452 7965 799 8078 205 5604 567
4960 2 4961 468 5459 213
4961 2 4962 1 8243 57
4962 2 4963 982 5062 977
4963 2 4964 439 8191 70
4964 2 4965 208 9984 270
4965 2 4966 706 6310 504
4966 2 4967 932 7304 591
4967 3 4968 136 6779 240 6903 567
4968 1 4969 904
4969 1 4970 666
4970 2 4971 310 7927 475
4971 2 4972 163 6837 22
4972 1 4973 896
4973 2 4974 956 5954 802
4974 2 4975 898 8012 149
4975 1 4976 281
4976 2 4977 96 7892 211
4977 2 4978 671 8488 635
4978 1 4979 370
4979 2 4980 257 8443 518
4980 2 4981 85 9523 6
4981 2 4982 381 8221 930
4982 2 4983 681 9629 136
4983 1 4984 926
4984 1 4985 665
4985 4 4986 170 5600 271 6326 842 6507 513
4986 2 4987 54 5900 100
4987 4 4988 406 8113 952 7249 834 7806 849
4988 1 4989 641
4989 3 4990 313 8551 736 5505 783
4990 1 4991 744
4991 5 4992 717 5227 763 5755 176 5766 948 7699 239
4992 3 4993 774 8886 731 5883 1
4993 1 4994 240
4994 3 4995 440 6320 721 9218 846
4995 1 4996 672
4996 1 4997 94
4997 1 4998 721
4998 3 4999 98 6705 605 8653 817
4999 4 5000 2 7322 221 5256 555 9430 565
5000 1 5001 219
5001 2 5002 489 6397 698
5002 2 5003 80 5996 406
5003 1 5004 136
5004 3 5005 608 8139 539 7671 908
5005 1 5006 232
5006 3 5007 532 7621 819 6045 288
5007 1 5008 697
5008 1 5009 456
5009 3 5010 10 8018 640 8357 335
5010 2 5011 9 5840 937
5011 2 5012 713 7980 904
5012 2 5013 352 6836 785
5013 2 5014 837 8495 911
5014 2 5015 124 6877 434
5015 1 5016 881
5016 3 5017 433 9934 680 9970 789
5017 3 5018 711 7751 745 9000 439
5018 1 5019 136
5019 5 5020 490 6591 846 8500 258 9181 90 7026 417
5020 2 5021 73 8874 460
5021 2 5022 235 6428 809
5022 1 5023 393
5023 1 5024 92
5024 1 5025 749
5025 3 5026 826 6872 346 6738 229
5026 2 5027 105 5699 958
5027 1 5028 106
5028 3 5029 321 9685 677 6778 403
5029 2 5030 377 9143 839
5030 2 5031 903 8738 447
5031 1 5032 307
5032 3 5033 141 9761 664 6180 890
5033 3 5034 392 9144 313 8468 900
5034 2 5035 793 8970 923
5035 1 5036 833
5036 2 5037 772 6063 215
5037 1 5038 896
5038 1 5039 137
5039 2 5040 657 5762 334
5040 3 5041 694 9832 772 8649 132
5041 1 5042 147
5042 1 5043 71
5043 2 5044 544 9863 73
5044 1 5045 577
5045 2 5046 9 8417 771
5046 2 5047 625 8531 577
5047 3 5048 666 5100 173 9203 608
5048 2 5049 169 8898 524
5049 1 5050 451
5050 2 5051 360 5582 380
5051 4 5052 740 8689 54 5396 361 9021 315
5052 1 5053 219
5053 2 5054 644 6200 684
5054 3 5055 767 8620 594 7667 988
5055 3 5056 156 9015 974 5174 97
5056 2 5057 942 5126 366
5057 1 5058 422
5058 1 5059 631
5059 2 5060 704 8664 115
5060 1 5061 454
5061 2 5062 881 9116 360
5062 1 5063 223
5063 2 5064 89 6293 997
5064 2 5065 919 6602 565
5065 1 5066 103
5066 1 5067 144
5067 3 5068 771 6759 230 7571 769
5068 1 5069 127
5069 1 5070 604
5070 2 5071 748 5296 683
5071 4 5072 394 9554 889 5801 430 5881 978
5072 2 5073 360 9738 634
5073 2 5074 987 7910 902
5074 2 5075 440 9430 991
5075 2 5076 323 9603 796
5076 1 5077 811
5077 1 5078 144
5078 1 5079 254
5079 2 5080 284 7457 275
5080 3 5081 661 6156 368 9151 491
5081 1 5082 87
5082 1 5083 255
5083 1 5084 567
5084 2 5085 616 9236 170
5085 2 5086 615 9730 837
5086 1 5087 739
5087 4 5088 623 8890 498 7341 867 6396 153
5088 2 5089 292 7795 642
5089 3 5090 798 7813 148 8604 627
5090 1 5091 964
5091 2 5092 708 9261 279
5092 2 5093 28 6065 611
5093 3 5094 869 5146 825 9504 85
5094 1 5095 868
5095 2 5096 675 5533 674
5096 1 5097 897
5097 1 5098 309
5098 2 5099 211 8110 522
5099 1 5100 531
5100 1 5101 622
5101 1 5102 522
5102 2 5103 194 7870 855
5103 2 5104 766 7716 915
5104 2 5105 402 6428 916
5105 3 5106 303 6816 946 6471 534
5106 2 5107 662 7494 111
5107 3 5108 56 6068 553 6394 106
5108 1 5109 803
5109 2 5110 920 6647 205
5110 1 5111 813
5111 2 5112 978 8748 232
5112 2 5113 246 9512 842
5113 2 5114 507 9968 87
5114 2 5115 396 6373 42
5115 2 5116 116 8386 634
5116 2 5117 247 9719 729
5117 2 5118 512 5857 336
5118 1 5119 654
5119 2 5120 609 7842 838
5120 2 5121 73 9021 806
5121 1 5122 541
5122 2 5123 911 5953 416
5123 2 5124 13 5862 650
5124 1 5125 370
5125 2 5126 957 7745 468
5126 1 5127 325
5127 2 5128 136 9409 933
5128 3 5129 397 7060 330 5374 62
5129 3 5130 882 7219 134 9263 552
5130 2 5131 860 6109 144
5131 6 5132 583 8450 848 6684 807 7359 832 6520 639 8221 552
5132 3 5133 431 5665 802 9260 958
5133 1 5134 375
5134 4 5135 560 7832 853 7689 726 8464 883
5135 2 5136 700 8364 938
5136 1 5137 177
5137 3 5138 782 8831 828 5958 250
5138 2 5139 483 8200 86
5139 3 5140 978 7959 9 9406 336
5140 2 5141 789 9858 85
5141 3 5142 75 7409 810 6295 583
5142 1 5143 18
5143 3 5144 602 5264 5 7715 208
5144 2 5145 70 8306 629
5145 1 5146 15
5146 2 5147 269 6029 960
5147 3 5148 221 9541 205 8079 733
5148 2 5149 41 8042 415
5149 3 5150 945 6162 478 6157 41
5150 3 5151 62 5965 356 5809 89
5151 2 5152 972 6153 10
5152 2 5153 809 9095 593
5153 3 5154 408 8236 454 9145 204
5154 2 5155 519 5918 967
5155 1 5156 294
5156 2 5157 644 6964 482
5157 4 5158 730 8448 791 6103 710 9799 889
5158 1 5159 514
5159 2 5160 786 7803 869
5160 2 5161 426 7729 15
5161 2 5162 434 7204 684
5162 2 5163 719 6163 405
5163 4 5164 412 6989 461 7359 716 8027 125
5164 3 5165 85 7205 921 5703 946
5165 2 5166 656 7042 878
5166 3 5167 550 7052 674 8923 289
5167 1 5168 551
5168 1 5169 631
5169 2 5170 157 9949 927
5170 1 5171 285
5171 1 5172 86
5172 2 5173 318 9516 700
5173 2 5174 81 8489 100
5174 1 5175 524
5175 1 5176 944
5176 1 5177 209
5177 3 5178 998 5729 400 5258 812
5178 1 5179 828
5179 1 5180 160
5180 3 5181 550 5543 431 9301 410
5181 1 5182 335
5182 1 5183 401
5183 1 5184 601
5184 2 5185 650 6115 812
5185 4 5186 782 5302 155 6572 928 9024 252
5186 1 5187 855
5187 2 5188 666 7643 584
5188 1 5189 698
5189 3 5190 659 8314 892 7720 219
5190 2 5191 68 6941 66
5191 1 5192 318
5192 1 5193 716
5193 2 5194 448 6925 949
5194 1 5195 748
5195 1 5196 977
5196 2 5197 867 8525 809
5197 1 5198 245
5198 2 5199 60 5574 17
5199 4 5200 251 5543 567 7559 183 5767 214
5200 1 5201 89
5201 2 5202 947 9098 384
5202 2 5203 445 5667 115
5203 2 5204 119 8572 401
5204 1 5205 465
5205 2 5206 627 7793 776
5206 4 5207 624 9321 549 7118 347 8331 289
5207 2 5208 57 6039 768
5208 2 5209 317 5567 583
5209 2 5210 683 9159 70
5210 1 5211 760
5211 1 5212 674
5212 1 5213 759
5213 1 5214 180
5214 5 5215 123 6304 865 9330 221 9593 835 5804 786
5215 4 5216 13 9023 567 6309 410 6394 455
5216 1 5217 725
5217 3 5218 141 8563 30 7277 583
5218 3 5219 719 5697 159 6457 684
5219 2 5220 12 5309 735
5220 4 5221 168 5748 650 9389 918 8904 701
5221 2 5222 509 8851 950
5222 2 5223 976 6104 622
5223 1 5224 356
5224 2 5225 536 8282 83
5225 2 5226 530 7945 566
5226 1 5227 802
5227 2 5228 843 6278 710
5228 1 5229 739
5229 2 5230 266 9404 482
5230 2 5231 171 5531 493
5231 4 5232 381 6444 772 7230 657 9162 224
5232 1 5233 130
5233 2 5234 768 8932 490
5234 2 5235 800 7136 890
5235 2 5236 895 7424 186
5236 3 5237 276 8116 32 5941 604
5237 2 5238 751 9014 900
5238 1 5239 908
5239 2 5240 121 9033 679
5240 3 5241 790 5630 187 9071 598
5241 2 5242 922 8114 115
5242 3 5243 31 9988 245 9502 895
5243 2 5244 344 9589 484
5244 3 5245 827 6868 202 8712 309
5245 1 5246 440
5246 2 5247 279 9124 683
5247 1 5248 537
5248 1 5249 66
5249 1 5250 270
5250 3 5251 730 8483 29 9246 792
5251 3 5252 999 9571 577 7225 660
5252 2 5253 591 9781 753
5253 2 5254 643 8835 728
5254 1 5255 79
5255 1 5256 509
5256 1 5257 467
5257 1 5258 524
5258 2 5259 369 6169 141
5259 2 5260 57 7426 868
5260 3 5261 512 6947 51 5949 337
5261 2 5262 880 9167 561
5262 1 5263 581
5263 3 5264 171 9100 234 9803 333
5264 2 5265 377 9686 811
5265 3 5266 162 7131 167 5890 797
5266 1 5267 262
5267 2 5268 792 9865 496
5268 2 5269 106 7015 783
5269 3 5270 916 8068 216 7006 293
5270 4 5271 588 8305 40 8641 462 7382 831
5271 2 5272 691 8796 93
5272 3 5273 741 8335 539 9961 995
5273 2 5274 119 9049 169
5274 1 5275 234
5275 1 5276 759
5276 1 5277 522
5277 1 5278 3
5278 3 5279 46 5415 649 8080 109
5279 2 5280 880 8906 224
5280 2 5281 884 8860 188
5281 1 5282 13
5282 2 5283 251 6952 96
5283 2 5284 48 6424 700
5284 1 5285 484
5285 3 5286 373 7876 847 8648 224
5286 4 5287 393 8804 810 8206 923 7301 574
5287 2 5288 943 5691 204
5288 1 5289 154
5289 2 5290 184 6961 792
5290 2 5291 954 9714 375
5291 3 5292 984 8466 775 7417 73
5292 4 5293 879 6337 187 7142 41 5684 145
5293 3 5294 37 8334 590 9489 360
5294 3 5295 567 6732 776 8116 937
5295 3 5296 823 7439 692 6281 860
5296 4 5297 936 8553 704 5668 145 9202 623
5297 2 5298 732 6975 343
5298 3 5299 759 7407 166 6721 16
5299 2 5300 672 8096 638
5300 2 5301 430 6560 30
5301 2 5302 230 8985 137
5302 1 5303 330
5303 4 5304 255 8786 525 8975 210 9322 439
5304 1 5305 427
5305 1 5306 938
5306 1 5307 738
5307 3 5308 328 6524 14 7267 285
5308 1 5309 278
5309 2 5310 846 8161 599
5310 1 5311 80
5311 3 5312 586 7424 385 7273 580
5312 1 5313 382
5313 2 5314 123 9074 688
5314 3 5315 515 8498 695 5443 625
5315 2 5316 690 9464 426
5316 1 5317 924
5317 4 5318 54 6195 44 9539 439 6072 961
5318 1 5319 184
5319 1 5320 229
5320 2 5321 824 6434 479
5321 2 5322 529 6086 701
5322 1 5323 48
5323 1 5324 977
5324 1 5325 411
5325 1 5326 71
5326 4 5327 899 8694 388 7165 979 7457 63
5327 1 5328 477
5328 3 5329 887 6060 820 5849 731
5329 1 5330 290
5330 1 5331 793
5331 1 5332 866
5332 3 5333 319 8391 562 9223 343
5333 2 5334 336 8973 240
5334 1 5335 89
5335 2 5336 567 9566 486
5336 2 5337 468 7221 798
5337 2 5338 9 5338 669
5338 1 5339 378
5339 1 5340 206
5340 1 5341 299
5341 2 5342 578 8701 462
5342 1 5343 804
5343 2 5344 312 7175 617
5344 2 5345 758 7257 932
5345 1 5346 638
5346 1 5347 249
5347 2 5348 476 7867 453
5348 2 5349 378 6862 942
5349 3 5350 606 8491 785 9876 489
5350 2 5351 996 7685 377
5351 5 5352 506 9713 469 7076 247 6454 154 9405 906
5352 3 5353 792 7500 570 8432 945
5353 4 5354 795 8039 208 6628 539 7070 331
5354 2 5355 201 7823 921
5355 3 5356 751 8507 314 6488 594
5356 3 5357 923 8816 675 5974 656
5357 1 5358 560
5358 1 5359 779
5359 3 5360 816 8003 576 7679 840
5360 1 5361 252
5361 5 5362 155 8279 845 7762 233 8610 398 8505 305
5362 2 5363 7 8920 594
5363 3 5364 955 8198 579 7003 618
5364 2 5365 420 8554 98
5365 1 5366 25
5366 1 5367 239
5367 2 5368 555 9747 347
5368 3 5369 355 9376 378 5521 905
5369 1 5370 652
5370 3 5371 860 8157 103 8307 910
5371 3 5372 711 9849 782 8187 898
5372 1 5373 899
5373 1 5374 10
5374 1 5375 974
5375 2 5376 344 7669 6
5376 1 5377 2
5377 3 5378 778 6954 111 9478 431
5378 1 5379 674
5379 1 5380 386
5380 1 5381 870
5381 2 5382 756 6152 933
5382 3 5383 745 7799 722 9480 768
5383 3 5384 315 6835 559 5657 232
5384 4 5385 107 5597 292 9540 495 7192 615
5385 2 5386 211 5914 325
5386 3 5387 543 9822 399 5691 764
5387 1 5388 244
5388 2 5389 430 7140 477
5389 3 5390 504 6199 300 6982 34
5390 1 5391 985
5391 1 5392 62
5392 2 5393 996 7869 567
5393 1 5394 146
5394 3 5395 729 8182 648 6388 779
5395 2 5396 287 8505 277
5396 2 5397 96 6125 372
5397 1 5398 45
5398 3 5399 944 9555 69 5781 397
5399 1 5400 238
5400 1 5401 919
5401 1 5402 866
5402 1 5403 533
5403 2 5404 423 8609 589
5404 1 5405 718
5405 2 5406 918 9828 147
5406 2 5407 382 7313 318
5407 1 5408 470
5408 1 5409 998
5409 2 5410 766 9013 750
5410 4 5411 87 8613 391 6231 4 9829 834
5411 1 5412 595
5412 3 5413 98 8073 465 6256 302
5413 3 5414 518 6012 187 7558 896
5414 1 5415 137
5415 1 5416 653
5416 4 5417 840 8091 540 5687 24 6957 81
5417 1 5418 404
5418 2 5419 77 6238 91
5419 2 5420 607 6870 400
5420 2 5421 582 8157 55
5421 1 5422 64
5422 1 5423 446
5423 1 5424 679
5424 1 5425 988
5425 3 5426 134 8175 631 6832 465
5426 3 5427 243 5685 165 7825 605
5427 3 5428 299 8235 249 6732 251
5428 2 5429 268 5927 125
5429 2 5430 872 8248 874
5430 1 5431 323
5431 4 5432 949 8880 362 8511 211 8519 297
5432 1 5433 821
5433 1 5434 403
5434 1 5435 718
5435 2 5436 852 8548 706
5436 1 5437 754
5437 2 5438 335 9178 583
5438 1 5439 326
5439 2 5440 464 6318 563
5440 1 5441 279
5441 1 5442 240
5442 2 5443 77 9172 146
5443 1 5444 967
5444 4 5445 208 5816 158 9952 564 7571 790
5445 1 5446 140
5446 2 5447 799 5626 932
5447 2 5448 789 5991 274
5448 1 5449 599
5449 1 5450 112
5450 2 5451 160 5943 265
5451 1 5452 109
5452 2 5453 169 7286 955
5453 2 5454 461 7377 483
5454 3 5455 478 9804 34 6489 806
5455 1 5456 322
5456 1 5457 417
5457 1 5458 124
5458 3 5459 549 6709 848 5899 994
5459 3 5460 367 6579 733 9394 157
5460 4 5461 988 8350 786 7665 759 6495 222
5461 3 5462 789 7357 501 8679 321
5462 2 5463 213 9502 234
5463 3 5464 463 6596 822 6261 842
5464 3 5465 316 7703 150 6046 605
5465 3 5466 475 9723 814 7399 276
5466 1 5467 272
5467 4 5468 873 6437 370 9710 794 6190 561
5468 2 5469 123 8076 910
5469 3 5470 93 5534 106 6369 147
5470 1 5471 162
5471 2 5472 827 7162 512
5472 3 5473 703 8315 235 9748 697
5473 3 5474 312 5644 182 9275 672
5474 1 5475 847
5475 1 5476 722
5476 2 5477 714 6610 602
5477 2 5478 618 8638 841
5478 1 5479 42
5479 1 5480 221
5480 3 5481 856 9220 343 8293 66
5481 2 5482 878 6695 44
5482 4 5483 336 8518 797 6937 393 7318 275
5483 2 5484 152 7009 923
5484 1 5485 94
5485 1 5486 729
5486 4 5487 255 9494 120 5695 50 8403 597
5487 1 5488 992
5488 2 5489 365 9729 693
5489 2 5490 406 9906 459
5490 3 5491 526 5635 624 6887 983
5491 1 5492 51
5492 4 5493 694 7616 639 7101 514 8238 932
5493 3 5494 307 9894 283 7509 139
5494 1 5495 267
5495 2 5496 840 8719 358
5496 2 5497 179 5726 246
5497 3 5498 32 8385 82 7282 340
5498 2 5499 975 5765 730
5499 2 5500 415 9207 503
5500 2 5501 876 8921 365
5501 1 5502 464
5502 2 5503 570 6431 949
5503 3 5504 767 6546 33 8876 593
5504 1 5505 564
5505 2 5506 256 6110 447
5506 1 5507 97
5507 1 5508 474
5508 2 5509 105 7659 830
5509 2 5510 824 9055 864
5510 2 5511 813 9409 279
5511 1 5512 144
5512 1 5513 125
5513 2 5514 13 7883 56
5514 2 5515 64 5608 909
5515 3 5516 851 6398 740 7528 584
5516 2 5517 800 5624 972
5517 2 5518 228 6824 204
5518 4 5519 134 7758 69 6503 258 6946 983
5519 1 5520 203
5520 1 5521 844
5521 2 5522 411 9040 345
5522 2 5523 382 6268 709
5523 3 5524 703 7636 203 5595 591
5524 3 5525 646 8088 494 9912 33
5525 1 5526 961
5526 2 5527 661 9164 801
5527 6 5528 87 5661 72 9252 951 7505 619 7027 909 9389 987
5528 2 5529 597 7002 321
5529 2 5530 601 5861 280
5530 2 5531 266 7260 381
5531 2 5532 940 6922 21
5532 3 5533 833 9875 170 5910 667
5533 1 5534 77
5534 3 5535 23 8008 433 8205 682
5535 2 5536 67 9715 346
5536 3 5537 203 7921 368 7829 214
5537 1 5538 925
5538 1 5539 662
5539 1 5540 455
5540 1 5541 829
5541 1 5542 132
5542 2 5543 95 7248 745
5543 2 5544 927 7028 460
5544 1 5545 868
5545 3 5546 850 9099 994 7421 587
5546 1 5547 829
5547 1 5548 340
5548 2 5549 126 6882 712
5549 3 5550 44 9978 455 6177 556
5550 1 5551 965
5551 2 5552 473 7513 909
5552 2 5553 52 7413 513
5553 1 5554 173
5554 1 5555 947
5555 1 5556 588
5556 3 5557 444 9394 135 9902 548
5557 2 5558 842 9392 136
5558 1 5559 742
5559 1 5560 405
5560 1 5561 509
5561 2 5562 31 7429 258
5562 2 5563 392 9019 988
5563 3 5564 700 6929 630 8710 670
5564 2 5565 437 9606 753
5565 1 5566 177
5566 3 5567 363 6263 908 6093 932
5567 4 5568 220 5941 316 6730 935 5830 449
5568 3 5569 931 9676 843 8128 425
5569 2 5570 192 6191 704
5570 3 5571 282 9983 450 6049 353
5571 2 5572 287 6231 862
5572 1 5573 457
5573 3 5574 905 9938 363 8195 563
5574 1 5575 153
5575 2 5576 36 7715 322
5576 2 5577 629 6918 98
5577 1 5578 635
5578 2 5579 632 8663 733
5579 1 5580 252
5580 2 5581 663 8199 355
5581 1 5582 303
5582 3 5583 511 7288 834 6564 640
5583 2 5584 422 6029 842
5584 2 5585 904 7307 942
5585 1 5586 564
5586 1 5587 491
5587 1 5588 63
5588 1 5589 90
5589 1 5590 287
5590 1 5591 393
5591 3 5592 141 8709 100 5603 493
5592 3 5593 430 7283 458 5838 563
5593 2 5594 205 9259 805
5594 5 5595 659 9414 582 8081 857 6804 228 6026 625
5595 2 5596 906 7147 684
5596 1 5597 817
5597 1 5598 539
5598 2 5599 256 7117 779
5599 2 5600 646 9397 693
5600 1 5601 822
5601 1 5602 557
5602 2 5603 814 7079 936
5603 2 5604 20 7624 965
5604 2 5605 392 7015 727
5605 4 5606 801 5849 600 9125 1000 6690 966
5606 5 5607 731 7541 178 8965 282 8309 439 6264 266
5607 1 5608 368
5608 2 5609 492 7092 220
5609 2 5610 558 9862 270
5610 2 5611 801 9594 218
5611 1 5612 497
5612 2 5613 353 9033 136
5613 3 5614 935 7755 771 8682 275
5614 2 5615 580 7876 551
5615 1 5616 515
5616 3 5617 330 8290 498 8457 496
5617 2 5618 398 9116 549
5618 4 5619 277 8003 378 9953 779 9075 573
5619 2 5620 185 8675 346
5620 2 5621 27 8203 837
5621 4 5622 327 9198 941 7664 303 8693 18
5622 2 5623 612 8169 47
5623 3 5624 225 8712 933 9973 509
5624 2 5625 31 6632 444
5625 3 5626 918 8813 172 7315 409
5626 2 5627 831 6300 683
5627 1 5628 798
5628 3 5629 288 8255 273 5799 461
5629 1 5630 60
5630 1 5631 829
5631 2 5632 484 9954 594
5632 1 5633 543
5633 3 5634 367 9223 238 7234 1000
5634 2 5635 786 7173 644
5635 2 5636 599 6545 709
5636 3 5637 239 7397 388 8523 997
5637 1 5638 998
5638 2 5639 164 6379 674
5639 2 5640 103 9213 894
5640 4 5641 254 6372 597 6968 232 7727 163
5641 3 5642 673 8479 558 9719 935
5642 2 5643 247 8404 172
5643 1 5644 273
5644 1 5645 547
5645 1 5646 836
5646 2 5647 811 8348 615
5647 2 5648 940 8986 909
5648 2 5649 755 8737 625
5649 1 5650 58
5650 2 5651 783 9687 741
5651 4 5652 971 8530 316 8849 779 8593 599
5652 2 5653 225 9999 733
5653 3 5654 590 6099 658 6195 51
5654 1 5655 867
5655 3 5656 817 8601 391 7112 221
5656 3 5657 398 8970 795 7544 143
5657 1 5658 364
5658 4 5659 958 8456 91 8581 558 5698 248
5659 2 5660 860 7467 986
5660 1 5661 866
5661 1 5662 178
5662 1 5663 181
5663 1 5664 243
5664 1 5665 607
5665 2 5666 326 8945 82
5666 2 5667 826 8542 727
5667 2 5668 756 8341 268
5668 2 5669 715 9143 219
5669 1 5670 368
5670 1 5671 936
5671 1 5672 606
5672 2 5673 29 7815 566
5673 3 5674 721 6820 730 6337 383
5674 1 5675 718
5675 1 5676 361
5676 1 5677 971
5677 2 5678 582 8307 730
5678 1 5679 578
5679 2 5680 146 8988 969
5680 2 5681 577 9122 455
5681 4 5682 972 9354 715 9016 179 9383 642
5682 2 5683 193 5891 704
5683 1 5684 857
5684 2 5685 830 7768 551
5685 2 5686 903 8048 113
5686 1 5687 994
5687 1 5688 505
5688 1 5689 556
5689 1 5690 317
5690 2 5691 180 8689 460
5691 2 5692 503 7028 998
5692 1 5693 39
5693 2 5694 93 7498 76
5694 2 5695 58 9189 708
5695 2 5696 239 8055 723
5696 2 5697 617 7484 105
5697 2 5698 225 9154 336
5698 2 5699 21 5911 932
5699 3 5700 540 8570 543 5942 589
5700 2 5701 490 5791 75
5701 1 5702 1
5702 2 5703 340 8750 292
5703 1 5704 940
5704 2 5705 629 7163 26
5705 1 5706 207
5706 3 5707 826 8913 401 9001 167
5707 2 5708 134 7542 477
5708 1 5709 349
5709 1 5710 735
5710 2 5711 182 6278 336
5711 3 5712 941 6755 521 9886 727
5712 2 5713 822 9888 738
5713 2 5714 865 9680 544
5714 2 5715 890 8197 799
5715 2 5716 332 8429 401
5716 3 5717 61 8027 565 8627 458
5717 1 5718 23
5718 2 5719 152 7196 605
5719 2 5720 601 7301 525
5720 1 5721 722
5721 1 5722 940
5722 3 5723 146 9156 494 8409 691
5723 4 5724 793 8680 870 7449 710 6308 627
5724 2 5725 114 6385 596
5725 1 5726 867
5726 1 5727 539
5727 1 5728 882
5728 4 5729 374 7729 300 6237 232 6452 303
5729 1 5730 984
5730 2 5731 75 6633 166
5731 1 5732 383
5732 2 5733 722 5958 117
5733 1 5734 965
5734 1 5735 679
5735 2 5736 406 8591 300
5736 1 5737 601
5737 1 5738 104
5738 2 5739 345 9273 490
5739 2 5740 310 8191 292
5740 1 5741 331
5741 3 5742 140 7593 354 6255 469
5742 2 5743 1000 8849 799
5743 1 5744 162
5744 1 5745 750
5745 1 5746 972
5746 1 5747 448
5747 2 5748 811 7856 680
5748 1 5749 655
5749 1 5750 984
5750 1 5751 499
5751 3 5752 665 9176 253 9768 28
5752 2 5753 325 9095 705
5753 1 5754 179
5754 2 5755 725 6423 348
5755 1 5756 992
5756 1 5757 576
5757 3 5758 711 6002 349 6241 94
5758 1 5759 911
5759 2 5760 952 5999 93
5760 1 5761 629
5761 2 5762 806 9297 426
5762 3 5763 366 8648 849 9795 133
5763 2 5764 229 9067 228
5764 1 5765 682
5765 2 5766 604 9579 888
5766 3 5767 835 9909 79 8095 416
5767 2 5768 180 7551 429
5768 1 5769 388
5769 2 5770 315 9952 215
5770 2 5771 752 7086 876
5771 2 5772 706 7518 932
5772 2 5773 302 9205 594
5773 1 5774 131
5774 1 5775 182
5775 3 5776 747 8491 199 9023 360
5776 2 5777 2 6796 535
5777 2 5778 972 8244 728
5778 1 5779 719
5779 3 5780 972 8110 329 7384 694
5780 1 5781 587
5781 2 5782 401 9138 477
5782 2 5783 872 7487 965
5783 1 5784 790
5784 1 5785 989
5785 3 5786 582 8373 97 7126 718
5786 3 5787 34 7327 891 9301 646
5787 1 5788 187
5788 2 5789 617 8138 232
5789 3 5790 326 6520 73 6156 615
5790 1 5791 944
5791 1 5792 829
5792 1 5793 991
5793 1 5794 627
5794 1 5795 227
5795 4 5796 655 9351 6 7324 80 9113 59
5796 1 5797 580
5797 3 5798 107 7250 468 8797 660
5798 6 5799 960 8382 461 7042 577 6570 142 8892 770 8331 3
5799 1 5800 509
5800 3 5801 145 7648 133 9969 2
5801 1 5802 340
5802 2 5803 764 7361 457
5803 1 5804 80
5804 3 5805 244 6177 6 6585 367
5805 3 5806 356 9460 14 6120 693
5806 3 5807 328 6342 978 9341 825
5807 1 5808 172
5808 1 5809 652
5809 2 5810 907 9309 46
5810 3 5811 987 8594 231 7848 832
5811 4 5812 91 8999 843 6953 480 6471 316
5812 2 5813 842 6230 740
5813 2 5814 726 8923 435
5814 2 5815 687 7636 716
5815 2 5816 655 9493 933
5816 1 5817 747
5817 3 5818 908 5957 791 7409 849
5818 3 5819 344 8797 358 7272 725
5819 1 5820 458
5820 2 5821 12 6203 789
5821 3 5822 272 6045 141 8884 201
5822 1 5823 215
5823 2 5824 256 5964 681
5824 1 5825 710
5825 2 5826 70 9707 184
5826 1 5827 359
5827 1 5828 263
5828 3 5829 806 6702 140 7101 74
5829 1 5830 111
5830 2 5831 738 9090 925
5831 1 5832 2
5832 3 5833 50 6232 297 6068 776
5833 3 5834 396 7743 585 6028 782
5834 1 5835 449
5835 2 5836 751 7837 6
5836 1 5837 430
5837 2 5838 993 7178 366
5838 2 5839 171 8808 201
5839 1 5840 906
5840 3 5841 424 6970 821 9927 471
5841 2 5842 505 9816 469
5842 2 5843 903 6999 305
5843 1 5844 388
5844 3 5845 360 7508 762 8969 916
5845 1 5846 560
5846 1 5847 385
5847 3 5848 104 9264 18 9553 570
5848 3 5849 849 7653 455 7315 241
5849 1 5850 491
5850 4 5851 808 6482 982 8691 809 9998 154
5851 1 5852 885
5852 2 5853 592 9931 32
5853 4 5854 667 6570 42 6589 495 8277 381
5854 2 5855 777 9631 473
5855 4 5856 704 7368 243 7499 84 8485 740
5856 3 5857 231 9030 300 8418 774
5857 3 5858 167 9159 11 6059 90
5858 2 5859 463 9695 363
5859 2 5860 76 9748 411
5860 1 5861 819
5861 3 5862 867 8411 598 7376 62
5862 2 5863 35 7431 93
5863 2 5864 302 6420 894
5864 2 5865 21 9033 182
5865 3 5866 327 8375 167 7981 101
5866 2 5867 268 5999 97
5867 3 5868 975 7396 246 9803 380
5868 2 5869 108 9439 319
5869 1 5870 76
5870 1 5871 351
5871 4 5872 175 8467 426 6852 794 9509 954
5872 2 5873 910 6634 981
5873 3 5874 385 9597 870 9305 443
5874 1 5875 165
5875 2 5876 750 8085 208
5876 3 5877 77 9699 462 7135 18
5877 3 5878 561 9811 654 7079 445
5878 1 5879 965
5879 1 5880 920
5880 1 5881 96
5881 1 5882 347
5882 2 5883 609 8558 553
5883 1 5884 629
5884 2 5885 915 7707 750
5885 3 5886 495 6784 882 7511 114
5886 4 5887 722 9872 87 8580 2 7460 850
5887 1 5888 32
5888 2 5889 442 9897 570
5889 2 5890 966 8033 269
5890 1 5891 670
5891 3 5892 169 9154 387 9234 582
5892 1 5893 622
5893 1 5894 912
5894 2 5895 445 7757 550
5895 1 5896 161
5896 1 5897 55
5897 2 5898 104 9484 263
5898 1 5899 340
5899 2 5900 211 9578 635
5900 2 5901 998 7734 148
5901 2 5902 195 6276 993
5902 4 5903 420 9320 158 9772 819 8647 999
5903 3 5904 714 9433 41 8829 347
5904 3 5905 568 9778 318 8999 400
5905 1 5906 740
5906 4 5907 948 8170 306 7685 903 6633 637
5907 3 5908 748 6498 96 8867 562
5908 1 5909 554
5909 1 5910 272
5910 2 5911 677 8739 690
5911 1 5912 289
5912 1 5913 305
5913 1 5914 244
5914 4 5915 99 8069 200 6446 241 9223 532
5915 1 5916 51
5916 2 5917 403 7579 555
5917 2 5918 586 7048 388
5918 3 5919 563 8805 296 9626 792
5919 2 5920 861 7780 101
5920 2 5921 503 8964 798
5921 1 5922 158
5922 6 5923 56 8041 778 9157 441 8782 698 8841 556 8888 529
5923 1 5924 370
5924 2 5925 4 7584 376
5925 4 5926 438 6569 746 9186 242 9303 432
5926 1 5927 90
5927 3 5928 302 9070 380 6991 958
5928 3 5929 844 8444 166 8768 292
5929 3 5930 678 9463 780 8575 312
5930 2 5931 641 6876 467
5931 1 5932 615
5932 2 5933 492 8126 204
5933 1 5934 205
5934 1 5935 100
5935 2 5936 27 8612 496
5936 1 5937 212
5937 3 5938 175 9751 452 7187 947
5938 1 5939 654
5939 2 5940 299 6332 548
5940 2 5941 84 6510 837
5941 1 5942 485
5942 1 5943 865
5943 1 5944 119
5944 1 5945 316
5945 2 5946 804 9645 832
5946 1 5947 408
5947 1 5948 483
5948 1 5949 501
5949 1 5950 917
5950 4 5951 677 8532 109 8253 643 9670 927
5951 1 5952 272
5952 2 5953 94 7112 499
5953 2 5954 658 7675 621
5954 2 5955 558 9642 475
5955 2 5956 397 9474 294
5956 3 5957 190 9914 558 8677 34
5957 3 5958 380 7537 999 6701 530
5958 2 5959 907 8836 988
5959 3 5960 391 7330 839 9222 888
5960 2 5961 379 6027 310
5961 1 5962 192
5962 1 5963 457
5963 3 5964 46 9601 53 6154 964
5964 2 5965 270 9152 517
5965 1 5966 451
5966 2 5967 477 7134 215
5967 3 5968 270 6828 404 9903 407
5968 3 5969 232 7863 152 7595 747
5969 1 5970 858
5970 2 5971 276 8993 44
5971 3 5972 578 7726 914 6979 644
5972 3 5973 64 9659 948 6776 800
5973 2 5974 155 6170 779
5974 3 5975 771 9748 10 8829 767
5975 2 5976 714 9103 827
5976 1 5977 684
5977 1 5978 100
5978 2 5979 88 6449 921
5979 1 5980 685
5980 2 5981 353 9247 696
5981 1 5982 828
5982 2 5983 555 6094 73
5983 1 5984 424
5984 1 5985 995
5985 1 5986 775
5986 3 5987 604 7568 65 6862 100
5987 2 5988 233 8743 402
5988 1 5989 567
5989 1 5990 63
5990 1 5991 861
5991 2 5992 397 9495 478
5992 1 5993 839
5993 1 5994 536
5994 1 5995 429
5995 1 5996 989
5996 1 5997 549
5997 2 5998 704 6058 796
5998 2 5999 888 8614 220
5999 2 6000 959 7270 842
6000 4 6001 487 8115 15 7835 110 6190 880
6001 1 6002 587
6002 1 6003 903
6003 3 6004 242 6721 664 7432 829
6004 4 6005 488 8864 604 7696 673 6317 518
6005 2 6006 307 9417 361
6006 2 6007 81 9886 49
6007 3 6008 405 7594 315 6631 166
6008 3 6009 925 9972 359 8601 979
6009 2 6010 875 8790 703
6010 2 6011 732 8084 172
6011 1 6012 36
6012 1 6013 515
6013 1 6014 585
6014 1 6015 923
6015 2 6016 530 8051 851
6016 2 6017 820 9207 965
6017 1 6018 586
6018 1 6019 694
6019 2 6020 636 7188 668
6020 3 6021 151 6755 14 7354 665
6021 1 6022 124
6022 2 6023 973 9424 124
6023 1 6024 776
6024 2 6025 460 7465 199
6025 2 6026 178 9390 316
6026 2 6027 972 6056 715
6027 1 6028 172
6028 3 6029 996 6725 970 9211 735
6029 1 6030 217
6030 2 6031 828 6912 662
6031 3 6032 198 9308 690 8117 921
6032 2 6033 130 8885 60
6033 3 6034 44 8548 191 8346 595
6034 2 6035 434 9810 723
6035 1 6036 81
6036 1 6037 700
6037 1 6038 446
6038 2 6039 207 6502 595
6039 1 6040 843
6040 1 6041 643
6041 1 6042 152
6042 2 6043 855 6623 323
6043 6 6044 610 9386 925 9795 260 6859 922 8389 743 6647 929
6044 3 6045 265 9007 184 7897 63
6045 2 6046 328 6225 69
6046 2 6047 933 7439 557
6047 1 6048 745
6048 1 6049 937
6049 2 6050 827 7548 27
6050 1 6051 69
6051 2 6052 90 8855 719
6052 1 6053 398
6053 2 6054 570 7848 946
6054 3 6055 407 6173 628 8763 51
6055 5 6056 566 8397 297 8144 624 9183 888 7067 374
6056 1 6057 334
6057 1 6058 878
6058 2 6059 283 9219 287
6059 1 6060 533
6060 1 6061 470
6061 3 6062 940 6344 182 6152 549
6062 1 6063 895
6063 3 6064 13 9411 836 7705 314
6064 2 6065 806 8962 797
6065 3 6066 718 6928 58 9447 596
6066 2 6067 639 6160 761
6067 2 6068 602 6348 157
6068 3 6069 536 8636 476 6553 316
6069 2 6070 801 9904 198
6070 1 6071 430
6071 2 6072 116 7921 708
6072 2 6073 425 9937 308
6073 1 6074 154
6074 3 6075 152 8867 912 7876 696
6075 2 6076 581 8214 261
6076 4 6077 603 6618 992 8385 372 7871 757
6077 4 6078 597 9843 240 8509 478 9452 794
6078 5 6079 777 9367 606 6275 907 6690 127 9400 757
6079 2 6080 988 7353 201
6080 1 6081 963
6081 1 6082 103
6082 5 6083 948 8210 620 9057 565 9281 246 9773 5
6083 1 6084 109
6084 1 6085 577
6085 1 6086 799
6086 2 6087 104 8735 435
6087 1 6088 805
6088 3 6089 293 7064 666 8398 666
6089 3 6090 889 7613 149 7228 164
6090 2 6091 549 9840 841
6091 1 6092 902
6092 1 6093 353
6093 2 6094 899 7274 789
6094 1 6095 421
6095 1 6096 271
6096 3 6097 393 9581 481 9165 304
6097 1 6098 671
6098 2 6099 498 8832 527
6099 1 6100 586
6100 2 6101 624 8808 176
6101 4 6102 485 9071 836 8557 58 7052 740
6102 1 6103 39
6103 4 6104 177 8761 347 8722 236 7025 938
6104 1 6105 283
6105 1 6106 413
6106 1 6107 148
6107 3 6108 634 6264 151 9452 530
6108 4 6109 624 6158 292 6420 287 6391 564
6109 1 6110 698
6110 2 6111 711 7174 643
6111 2 6112 412 9757 801
6112 1 6113 40
6113 3 6114 406 7687 502 6838 567
6114 2 6115 911 8576 346
6115 2 6116 901 8813 924
6116 3 6117 340 6356 450 6626 39
6117 2 6118 708 9423 706
6118 2 6119 244 6647 184
6119 3 6120 51 6216 330 6978 43
6120 1 6121 764
6121 1 6122 487
6122 4 6123 943 7723 461 9226 298 6489 644
6123 1 6124 276
6124 1 6125 919
6125 2 6126 382 7483 424
6126 2 6127 21 7007 418
6127 1 6128 346
6128 1 6129 838
6129 2 6130 813 7172 564
6130 3 6131 311 6864 956 8645 700
6131 7 6132 319 7434 614 8144 415 6152 489 6807 309 6179 510 9842 668
6132 4 6133 288 8617 647 8225 398 8650 742
6133 3 6134 864 7682 887 8645 280
6134 2 6135 504 9578 837
6135 3 6136 879 7378 302 6951 698
6136 4 6137 713 8179 304 8022 84 6280 546
6137 1 6138 702
6138 3 6139 101 6902 721 9342 230
6139 2 6140 996 6709 592
6140 2 6141 890 6860 963
6141 2 6142 234 9661 72
6142 1 6143 138
6143 2 6144 308 9674 231
6144 2 6145 998 8398 27
6145 2 6146 762 6250 455
6146 3 6147 454 7521 376 6484 556
6147 1 6148 793
6148 1 6149 846
6149 2 6150 329 9138 43
6150 3 6151 276 9328 709 7233 750
6151 1 6152 747
6152 1 6153 427
6153 2 6154 620 7134 599
6154 2 6155 662 9639 902
6155 1 6156 92
6156 1 6157 193
6157 2 6158 453 8642 532
6158 1 6159 217
6159 2 6160 936 9364 897
6160 2 6161 844 7893 718
6161 1 6162 417
6162 3 6163 759 9348 162 9742 73
6163 1 6164 497
6164 1 6165 778
6165 2 6166 529 7702 699
6166 2 6167 889 9556 616
6167 1 6168 383
6168 1 6169 841
6169 2 6170 58 9500 564
6170 1 6171 528
6171 2 6172 811 6412 830
6172 3 6173 163 8831 780 9107 638
6173 1 6174 68
6174 4 6175 319 9669 85 7127 38 8956 329
6175 4 6176 727 7194 813 8801 278 9508 54
6176 2 6177 519 9412 18
6177 3 6178 414 6515 503 6927 841
6178 2 6179 139 8519 161
6179 1 6180 800
6180 3 6181 872 9029 129 8979 212
6181 7 6182 537 8128 855 9351 395 7442 422 7549 484 6455 746 9222 827
6182 1 6183 901
6183 4 6184 583 9326 207 6740 1 7634 110
6184 1 6185 30
6185 3 6186 178 9323 520 9246 757
6186 1 6187 198
6187 2 6188 897 8316 756
6188 2 6189 853 9495 262
6189 4 6190 206 8716 693 8806 111 6762 671
6190 2 6191 858 8875 411
6191 1 6192 60
6192 1 6193 256
6193 1 6194 34
6194 5 6195 468 9350 267 6226 176 9136 783 8280 664
6195 3 6196 52 9739 623 7311 290
6196 2 6197 941 7875 5
6197 1 6198 370
6198 2 6199 722 7610 417
6199 2 6200 204 8443 157
6200 1 6201 281
6201 1 6202 378
6202 3 6203 844 6613 99 7942 690
6203 1 6204 476
6204 1 6205 518
6205 1 6206 407
6206 2 6207 651 6685 816
6207 2 6208 946 6873 607
6208 2 6209 127 6842 884
6209 2 6210 698 8198 8
6210 2 6211 32 8964 118
6211 2 6212 248 6910 383
6212 1 6213 382
6213 1 6214 501
6214 2 6215 609 9106 294
6215 3 6216 457 9009 701 6456 930
6216 1 6217 182
6217 1 6218 984
6218 2 6219 892 6460 483
6219 2 6220 486 7113 69
6220 1 6221 601
6221 1 6222 565
6222 1 6223 359
6223 3 6224 353 6685 225 9018 730
6224 2 6225 168 8157 640
6225 3 6226 858 6384 986 8735 214
6226 2 6227 916 9517 431
6227 2 6228 265 6407 295
6228 4 6229 767 7668 863 6323 555 7442 26
6229 2 6230 851 8593 755
6230 2 6231 706 7612 214
6231 1 6232 93
6232 3 6233 292 8456 925 8691 13
6233 2 6234 29 6909 56
6234 4 6235 396 8652 835 9674 810 9061 631
6235 2 6236 51 7442 881
6236 2 6237 167 8556 43
6237 1 6238 875
6238 1 6239 586
6239 1 6240 799
6240 2 6241 989 7664 436
6241 4 6242 220 7481 405 8178 389 9222 635
6242 3 6243 878 6658 134 9665 634
6243 1 6244 227
6244 1 6245 663
6245 1 6246 231
6246 1 6247 694
6247 3 6248 212 9100 486 7874 310
6248 1 6249 276
6249 4 6250 668 7895 99 8000 875 9234 582
6250 6 6251 420 8386 330 7094 922 9892 712 7132 52 9623 371
6251 2 6252 526 7932 567
6252 2 6253 21 8931 658
6253 2 6254 886 9433 452
6254 1 6255 800
6255 1 6256 991
6256 1 6257 786
6257 1 6258 699
6258 3 6259 10 8937 264 6666 153
6259 2 6260 486 8534 161
6260 4 6261 934 7388 648 8214 601 7418 709
6261 1 6262 136
6262 4 6263 663 7609 317 9660 589 9175 391
6263 2 6264 178 6415 135
6264 2 6265 616 6366 184
6265 3 6266 821 6336 509 8524 361
6266 2 6267 9 9748 982
6267 2 6268 230 9266 951
6268 2 6269 259 6441 617
6269 1 6270 623
6270 2 6271 825 7099 272
6271 2 6272 966 7935 391
6272 1 6273 313
6273 2 6274 730 8795 542
6274 2 6275 991 7627 590
6275 2 6276 727 8034 205
6276 3 6277 659 7857 601 8463 952
6277 1 6278 282
6278 1 6279 434
6279 3 6280 917 7112 555 9223 300
6280 1 6281 386
6281 2 6282 873 8524 907
6282 2 6283 358 9847 691
6283 1 6284 471
6284 2 6285 259 6505 89
6285 1 6286 224
6286 4 6287 478 9550 96 6669 583 8827 968
6287 3 6288 310 9371 552 8527 255
6288 1 6289 694
6289 2 6290 534 7419 404
6290 1 6291 845
6291 3 6292 639 6376 113 9103 466
6292 4 6293 407 6650 909 9388 997 7597 776
6293 2 6294 599 8902 975
6294 3 6295 105 7525 848 7936 136
6295 2 6296 8 8057 607
6296 1 6297 524
6297 3 6298 679 7926 724 6599 758
6298 2 6299 990 9156 79
6299 2 6300 864 9784 630
6300 2 6301 860 7197 972
6301 1 6302 384
6302 1 6303 575
6303 2 6304 663 9116 906
6304 1 6305 609
6305 2 6306 624 7509 622
6306 2 6307 290 8974 728
6307 2 6308 306 9968 522
6308 4 6309 701 7753 327 7078 500 8975 643
6309 1 6310 111
6310 1 6311 494
6311 2 6312 66 6736 866
6312 1 6313 345
6313 5 6314 284 8050 754 6602 802 7028 411 9071 809
6314 2 6315 656 8111 365
6315 1 6316 333
6316 2 6317 883 7226 775
6317 3 6318 284 7479 617 8036 973
6318 1 6319 268
6319 1 6320 672
6320 1 6321 729
6321 1 6322 976
6322 2 6323 914 7485 211
6323 1 6324 668
6324 2 6325 306 9617 638
6325 1 6326 193
6326 2 6327 154 7442 579
6327 1 6328 530
6328 3 6329 784 8059 409 9811 573
6329 1 6330 247
6330 2 6331 922 8908 846
6331 1 6332 59
6332 1 6333 825
6333 2 6334 878 9967 670
6334 2 6335 822 8828 812
6335 1 6336 830
6336 2 6337 615 8178 933
6337 1 6338 414
6338 2 6339 677 7266 48
6339 1 6340 328
6340 2 6341 698 9811 672
6341 1 6342 144
6342 2 6343 739 7948 167
6343 2 6344 27 8407 207
6344 1 6345 672
6345 2 6346 510 9523 763
6346 3 6347 303 7876 140 9841 291
6347 3 6348 266 9644 418 7786 955
6348 2 6349 929 8020 136
6349 3 6350 429 9498 581 7700 495
6350 3 6351 415 7330 214 7261 357
6351 1 6352 398
6352 5 6353 755 7888 214 8965 412 9445 240 9699 260
6353 1 6354 37
6354 2 6355 598 8620 649
6355 4 6356 726 9789 453 9659 194 8494 51
6356 1 6357 586
6357 1 6358 836
6358 6 6359 195 8310 275 9436 904 9313 955 8088 363 7114 86
6359 2 6360 352 8095 328
6360 1 6361 744
6361 3 6362 731 7089 584 8384 946
6362 2 6363 228 8506 371
6363 1 6364 703
6364 3 6365 548 8263 373 7153 845
6365 4 6366 654 9558 413 6638 417 7906 34
6366 2 6367 804 9315 336
6367 1 6368 488
6368 2 6369 929 8714 262
6369 2 6370 964 6628 812
6370 3 6371 688 6909 113 7614 555
6371 1 6372 368
6372 1 6373 520
6373 3 6374 308 8670 744 6609 937
6374 3 6375 866 8371 783 6473 970
6375 1 6376 175
6376 1 6377 861
6377 3 6378 674 9624 775 8115 819
6378 2 6379 898 8286 430
6379 2 6380 572 9079 982
6380 1 6381 186
6381 2 6382 301 9751 118
6382 3 6383 100 7123 354 9567 198
6383 3 6384 483 6824 174 7275 795
6384 1 6385 132
6385 2 6386 759 8041 137
6386 2 6387 265 7434 887
6387 2 6388 743 7029 364
6388 5 6389 828 6793 328 6466 9 8117 276 7201 2
6389 2 6390 573 9360 737
6390 2 6391 782 8334 269
6391 3 6392 935 6829 646 7037 379
6392 1 6393 188
6393 2 6394 970 8035 622
6394 1 6395 697
6395 1 6396 922
6396 3 6397 344 9379 178 8873 290
6397 3 6398 671 7489 156 8354 201
6398 1 6399 92
6399 4 6400 228 8229 739 7504 165 7086 415
6400 4 6401 364 7133 296 9373 365 7995 65
6401 3 6402 229 6447 381 8567 605
6402 4 6403 763 7123 929 7946 378 7246 192
6403 3 6404 893 7093 80 9378 286
6404 1 6405 315
6405 2 6406 431 7967 181
6406 3 6407 808 8829 199 9124 985
6407 2 6408 909 6984 35
6408 2 6409 340 7161 293
6409 1 6410 381
6410 1 6411 267
6411 1 6412 600
6412 2 6413 302 9813 888
6413 1 6414 475
6414 2 6415 872 6864 487
6415 1 6416 121
6416 3 6417 482 8400 735 9816 307
6417 2 6418 55 7453 855
6418 2 6419 888 7736 162
6419 1 6420 650
6420 3 6421 598 7218 343 9767 161
6421 1 6422 595
6422 2 6423 967 9876 781
6423 1 6424 636
6424 2 6425 73 8794 966
6425 3 6426 484 8874 366 8393 850
6426 2 6427 911 7075 311
6427 2 6428 200 7180 927
6428 1 6429 513
6429 2 6430 123 9170 375
6430 1 6431 889
6431 1 6432 698
6432 2 6433 391 8251 226
6433 3 6434 543 6949 413 7613 981
6434 1 6435 306
6435 2 6436 424 7333 591
6436 1 6437 56
6437 1 6438 892
6438 3 6439 875 7958 307 6606 630
6439 1 6440 155
6440 2 6441 141 6454 69
6441 1 6442 206
6442 1 6443 351
6443 3 6444 420 9553 38 7594 476
6444 3 6445 584 9838 53 7667 714
6445 2 6446 915 8428 281
6446 2 6447 929 9987 365
6447 5 6448 469 7993 968 9571 428 9803 957 8739 793
6448 1 6449 147
6449 5 6450 324 7976 782 7062 114 9599 165 9651 528
6450 2 6451 884 7933 371
6451 2 6452 733 9394 763
6452 3 6453 185 8231 737 8474 9
6453 1 6454 798
6454 1 6455 83
6455 2 6456 500 7082 87
6456 2 6457 341 9319 218
6457 1 6458 647
6458 3 6459 182 9559 560 9564 547
6459 2 6460 321 9020 326
6460 1 6461 650
6461 1 6462 60
6462 2 6463 5 9269 541
6463 2 6464 463 9030 386
6464 1 6465 281
6465 1 6466 215
6466 2 6467 780 9069 857
6467 2 6468 793 7012 989
6468 4 6469 173 8109 712 7549 599 9761 918
6469 1 6470 591
6470 1 6471 783
6471 5 6472 163 9767 310 8614 673 8726 555 9680 621
6472 1 6473 502
6473 1 6474 805
6474 2 6475 782 9821 333
6475 2 6476 799 7238 167
6476 2 6477 91 6514 552
6477 2 6478 133 8011 307
6478 4 6479 630 7867 554 9840 587 7888 347
6479 2 6480 445 7117 457
6480 4 6481 649 9421 235 7210 335 8309 78
6481 2 6482 440 7686 523
6482 2 6483 414 7737 317
6483 2 6484 440 7378 217
6484 3 6485 989 6516 963 6563 523
6485 2 6486 489 7293 3
6486 1 6487 393
6487 2 6488 5 9333 159
6488 1 6489 39
6489 2 6490 547 6944 891
6490 1 6491 205
6491 2 6492 749 7510 180
6492 2 6493 383 9693 842
6493 4 6494 973 8904 220 8478 23 8472 661
6494 2 6495 15 8289 536
6495 2 6496 914 9348 527
6496 2 6497 330 9675 802
6497 1 6498 776
6498 1 6499 854
6499 2 6500 544 8139 297
6500 3 6501 196 7822 12 7045 944
6501 1 6502 19
6502 1 6503 693
6503 3 6504 5 8560 442 9407 849
6504 1 6505 642
6505 2 6506 752 6856 973
6506 1 6507 255
6507 1 6508 232
6508 1 6509 711
6509 2 6510 899 6573 148
6510 1 6511 353
6511 1 6512 320
6512 4 6513 133 8540 702 8924 955 7613 508
6513 3 6514 106 9291 387 6982 905
6514 1 6515 393
6515 3 6516 516 8379 108 9613 952
6516 1 6517 603
6517 2 6518 314 7729 276
6518 2 6519 172 9007 91
6519 2 6520 67 8390 774
6520 2 6521 844 9054 713
6521 1 6522 47
6522 2 6523 306 9409 132
6523 4 6524 972 6840 662 7268 300 9653 212
6524 3 6525 298 9319 530 7691 550
6525 2 6526 467 6705 713
6526 2 6527 746 8986 111
6527 2 6528 533 9920 843
6528 4 6529 611 8079 626 9094 102 9051 629
6529 1 6530 537
6530 1 6531 346
6531 3 6532 445 8749 153 7563 393
6532 2 6533 910 9863 825
6533 2 6534 704 8183 789
6534 2 6535 138 7580 183
6535 3 6536 351 7081 741 7137 861
6536 1 6537 924
6537 1 6538 502
6538 2 6539 368 8979 147
6539 2 6540 769 9330 112
6540 2 6541 193 7681 332
6541 2 6542 169 8728 394
6542 4 6543 971 7339 407 7442 948 7530 191
6543 2 6544 929 7974 556
6544 1 6545 941
6545 1 6546 832
6546 1 6547 414
6547 1 6548 20
6548 3 6549 234 8540 526 9252 708
6549 2 6550 230 7772 792
6550 2 6551 745 6649 760
6551 3 6552 135 8607 744 9301 667
6552 1 6553 217
6553 1 6554 752
6554 2 6555 23 9090 695
6555 1 6556 604
6556 4 6557 517 7182 877 9694 748 9258 146
6557 2 6558 174 8016 488
6558 4 6559 127 7313 846 6968 364 9352 332
6559 1 6560 376
6560 2 6561 729 9096 58
6561 2 6562 667 9232 55
6562 1 6563 812
6563 3 6564 39 7280 117 8758 455
6564 2 6565 385 7077 938
6565 2 6566 898 6657 189
6566 3 6567 656 7091 967 7003 138
6567 3 6568 262 7782 400 9920 939
6568 4 6569 790 8244 878 7788 587 8518 428
6569 1 6570 548
6570 1 6571 639
6571 3 6572 50 8825 419 8284 827
6572 1 6573 609
6573 2 6574 50 7124 783
6574 3 6575 678 8924 111 6773 339
6575 4 6576 111 9661 357 7021 479 9754 736
6576 2 6577 670 7398 233
6577 3 6578 857 7083 744 6786 319
6578 2 6579 21 7283 607
6579 2 6580 50 6940 202
6580 1 6581 707
6581 3 6582 119 8312 790 9715 850
6582 2 6583 427 8172 733
6583 3 6584 455 8996 47 8322 915
6584 3 6585 390 8940 801 7437 375
6585 4 6586 127 6769 160 9329 863 9317 387
6586 2 6587 561 7915 124
6587 2 6588 259 7160 937
6588 4 6589 486 9267 324 7204 542 7287 666
6589 1 6590 719
6590 1 6591 157
6591 1 6592 211
6592 1 6593 712
6593 3 6594 703 7463 172 9664 858
6594 2 6595 646 7005 742
6595 1 6596 10
6596 1 6597 309
6597 2 6598 431 8551 607
6598 1 6599 678
6599 3 6600 104 6751 918 7204 915
6600 2 6601 679 9698 613
6601 1 6602 533
6602 1 6603 277
6603 1 6604 638
6604 2 6605 621 7908 530
6605 2 6606 718 8311 858
6606 4 6607 141 8506 890 9732 884 6981 783
6607 5 6608 429 7651 575 7025 607 6740 303 8722 954
6608 2 6609 851 9733 798
6609 1 6610 921
6610 1 6611 108
6611 3 6612 524 8507 545 9870 269
6612 2 6613 737 7105 281
6613 2 6614 633 9175 383
6614 2 6615 121 6698 65
6615 2 6616 290 6892 47
6616 2 6617 117 7773 909
6617 3 6618 804 9598 800 8768 478
6618 2 6619 109 8645 775
6619 4 6620 510 7623 35 7468 224 9956 642
6620 1 6621 204
6621 2 6622 624 8888 947
6622 1 6623 205
6623 4 6624 797 6794 367 7371 4 8143 834
6624 1 6625 270
6625 1 6626 852
6626 2 6627 536 8188 803
6627 2 6628 997 8940 566
6628 3 6629 207 8234 403 8610 189
6629 3 6630 367 9732 720 9008 220
6630 2 6631 721 6841 975
6631 2 6632 420 9803 95
6632 3 6633 303 9012 517 7414 825
6633 3 6634 165 7307 267 7818 266
6634 1 6635 41
6635 1 6636 562
6636 2 6637 509 8759 799
6637 2 6638 933 9332 989
6638 4 6639 213 9717 258 8186 577 8298 266
6639 2 6640 705 7292 398
6640 2 6641 956 8402 870
6641 3 6642 493 7399 809 9226 538
6642 1 6643 339
6643 2 6644 241 7484 940
6644 3 6645 3 9064 196 8678 578
6645 1 6646 14
6646 1 6647 688
6647 3 6648 92 9023 776 7336 776
6648 3 6649 929 6934 613 8373 905
6649 1 6650 114
6650 1 6651 856
6651 2 6652 588 6800 580
6652 1 6653 686
6653 3 6654 506 7894 846 8220 619
6654 2 6655 153 7297 888
6655 1 6656 973
6656 3 6657 93 9065 625 8113 807
6657 2 6658 799 8955 286
6658 3 6659 524 7735 534 7564 248
6659 1 6660 77
6660 2 6661 741 8849 437
6661 2 6662 741 7883 844
6662 2 6663 104 6805 741
6663 3 6664 927 7435 200 7664 362
6664 3 6665 263 8491 86 9701 860
6665 1 6666 660
6666 2 6667 237 7789 125
6667 1 6668 468
6668 2 6669 304 8157 688
6669 2 6670 271 6938 496
6670 2 6671 476 7261 785
6671 4 6672 52 9135 278 9862 566 8962 890
6672 5 6673 103 9452 174 7470 175 8573 555 8149 629
6673 2 6674 833 9087 643
6674 3 6675 179 7320 956 8231 13
6675 2 6676 896 7412 255
6676 1 6677 41
6677 3 6678 873 7140 780 8672 584
6678 1 6679 298
6679 2 6680 369 8413 374
6680 2 6681 821 7202 781
6681 2 6682 694 8157 985
6682 1 6683 321
6683 1 6684 437
6684 3 6685 757 9463 796 7287 700
6685 1 6686 119
6686 2 6687 98 9357 384
6687 2 6688 872 7412 194
6688 2 6689 777 8224 660
6689 2 6690 912 8608 452
6690 3 6691 47 7732 884 8784 499
6691 2 6692 10 6788 56
6692 2 6693 873 8368 103
6693 3 6694 142 9939 150 9853 824
6694 3 6695 680 7146 124 8550 105
6695 2 6696 663 9107 324
6696 1 6697 175
6697 4 6698 337 6857 944 8503 642 8146 662
6698 3 6699 367 8666 38 8641 221
6699 2 6700 916 9283 461
6700 3 6701 449 7024 668 8374 878
6701 3 6702 979 6951 576 8228 408
6702 1 6703 637
6703 1 6704 275
6704 1 6705 900
6705 2 6706 751 8933 598
6706 2 6707 96 8586 975
6707 1 6708 382
6708 1 6709 835
6709 2 6710 351 9327 508
6710 1 6711 188
6711 2 6712 117 8298 239
6712 2 6713 411 7361 576
6713 2 6714 410 7192 472
6714 2 6715 986 6800 756
6715 2 6716 468 8348 1
6716 3 6717 279 8199 82 7797 18
6717 2 6718 856 8567 689
6718 1 6719 395
6719 1 6720 707
6720 1 6721 872
6721 2 6722 490 8611 29
6722 2 6723 820 9969 962
6723 3 6724 432 7298 148 7193 13
6724 2 6725 665 6929 335
6725 2 6726 908 7618 500
6726 3 6727 817 9745 97 9035 179
6727 2 6728 171 7116 11
6728 1 6729 116
6729 2 6730 136 9038 635
6730 2 6731 713 8481 406
6731 3 6732 744 8333 161 9621 974
6732 1 6733 61
6733 1 6734 966
6734 1 6735 865
6735 3 6736 164 7690 886 7646 426
6736 2 6737 107 9305 148
6737 3 6738 427 7138 538 6986 178
6738 1 6739 934
6739 2 6740 605 8177 719
6740 1 6741 495
6741 1 6742 822
6742 2 6743 583 7883 271
6743 2 6744 695 8504 33
6744 3 6745 449 9495 134 9730 73
6745 2 6746 186 9528 291
6746 1 6747 626
6747 2 6748 389 8423 555
6748 2 6749 798 9832 904
6749 3 6750 368 8188 58 7451 979
6750 4 6751 627 9565 241 7055 999 8483 605
6751 2 6752 30 7087 95
6752 4 6753 884 6869 747 6961 205 8164 135
6753 2 6754 701 7067 36
6754 2 6755 902 8830 656
6755 2 6756 859 7518 869
6756 3 6757 745 8324 385 8948 757
6757 1 6758 997
6758 1 6759 914
6759 4 6760 134 7579 385 9028 236 7459 647
6760 3 6761 495 9802 410 7662 674
6761 1 6762 943
6762 1 6763 500
6763 3 6764 116 8281 345 6852 174
6764 2 6765 909 8448 31
6765 3 6766 422 9921 393 8128 735
6766 1 6767 452
6767 2 6768 48 9829 771
6768 1 6769 65
6769 2 6770 268 8842 461
6770 2 6771 671 7245 574
6771 3 6772 322 7385 765 9141 133
6772 1 6773 13
6773 2 6774 722 7751 636
6774 3 6775 890 9337 371 7331 398
6775 2 6776 695 9538 212
6776 3 6777 538 7837 677 9654 933
6777 2 6778 786 8322 285
6778 3 6779 762 7080 499 9770 166
6779 2 6780 591 7401 895
6780 2 6781 742 8564 976
6781 1 6782 579
6782 2 6783 230 9247 813
6783 1 6784 979
6784 4 6785 686 7740 275 9740 139 8699 135
6785 1 6786 895
6786 2 6787 347 7358 856
6787 1 6788 532
6788 3 6789 536 8436 258 9480 133
6789 3 6790 705 7171 949 7213 429
6790 1 6791 718
6791 2 6792 634 8297 187
6792 2 6793 98 8358 618
6793 2 6794 444 9047 179
6794 4 6795 678 9552 248 7632 312 8362 362
6795 1 6796 745
6796 2 6797 255 8540 103
6797 3 6798 494 9452 833 7443 430
6798 3 6799 355 9051 70 7399 53
6799 3 6800 680 8277 645 7258 563
6800 2 6801 693 9763 309
6801 1 6802 657
6802 1 6803 395
6803 1 6804 153
6804 2 6805 860 7385 2
6805 2 6806 847 6888 16
6806 1 6807 572
6807 3 6808 914 6820 904 7241 437
6808 3 6809 628 9879 858 8734 85
6809 2 6810 56 7860 918
6810 2 6811 12 7883 491
6811 3 6812 659 9962 788 9608 905
6812 3 6813 957 8429 994 7023 252
6813 2 6814 161 8681 916
6814 1 6815 518
6815 3 6816 870 8838 311 7108 658
6816 1 6817 481
6817 1 6818 873
6818 1 6819 508
6819 1 6820 891
6820 3 6821 170 9091 205 7555 154
6821 2 6822 77 9450 809
6822 1 6823 770
6823 2 6824 504 7437 784
6824 1 6825 329
6825 1 6826 247
6826 1 6827 339
6827 1 6828 994
6828 2 6829 285 7893 223
6829 3 6830 52 9587 669 9510 296
6830 2 6831 520 7498 148
6831 3 6832 229 8462 75 8619 304
6832 2 6833 564 7320 414
6833 2 6834 659 7899 905
6834 2 6835 388 8773 120
6835 1 6836 413
6836 2 6837 837 8735 937
6837 1 6838 241
6838 1 6839 81
6839 1 6840 471
6840 3 6841 455 9518 23 8454 175
6841 1 6842 821
6842 1 6843 587
6843 5 6844 459 7702 450 6969 658 9955 832 8454 472
6844 2 6845 91 8731 752
6845 1 6846 878
6846 3 6847 511 7347 501 9759 505
6847 2 6848 458 8222 908
6848 3 6849 324 7073 486 7239 688
6849 3 6850 122 9057 751 7124 129
6850 2 6851 510 8564 421
6851 1 6852 764
6852 3 6853 670 9747 469 7167 95
6853 2 6854 19 9735 829
6854 2 6855 106 7184 908
6855 2 6856 414 8814 761
6856 2 6857 423 8325 868
6857 1 6858 37
6858 1 6859 571
6859 1 6860 563
6860 1 6861 1
6861 3 6862 846 6880 572 8667 234
6862 2 6863 94 7804 584
6863 1 6864 811
6864 2 6865 619 7761 873
6865 2 6866 987 7218 776
6866 1 6867 634
6867 3 6868 653 8611 703 6962 191
6868 2 6869 312 9161 885
6869 4 6870 912 9190 340 8844 673 8016 582
6870 1 6871 521
6871 1 6872 576
6872 1 6873 212
6873 2 6874 671 9480 934
6874 1 6875 688
6875 1 6876 468
6876 3 6877 974 7505 324 7731 433
6877 3 6878 350 9076 24 8731 405
6878 1 6879 373
6879 3 6880 846 8417 912 7582 587
6880 1 6881 56
6881 3 6882 837 7453 318 8850 300
6882 2 6883 229 7146 64
6883 1 6884 865
6884 3 6885 466 9737 560 7265 674
6885 2 6886 340 7537 251
6886 1 6887 574
6887 3 6888 786 7332 87 8770 247
6888 1 6889 635
6889 2 6890 615 7705 273
6890 1 6891 485
6891 2 6892 734 7759 229
6892 1 6893 673
6893 3 6894 373 9494 610 9808 439
6894 2 6895 734 9579 932
6895 3 6896 464 9362 747 9194 476
6896 2 6897 117 7259 774
6897 4 6898 100 8869 743 7635 267 7633 927
6898 3 6899 778 7892 216 8967 152
6899 3 6900 675 9976 785 7860 697
6900 1 6901 228
6901 2 6902 3 8892 824
6902 1 6903 350
6903 1 6904 364
6904 2 6905 850 7227 378
6905 2 6906 649 8380 592
6906 1 6907 988
6907 3 6908 820 8571 17 7401 822
6908 2 6909 299 7272 489
6909 4 6910 561 9704 775 7645 168 7474 344
6910 2 6911 535 9683 48
6911 1 6912 383
6912 2 6913 719 7887 845
6913 1 6914 109
6914 4 6915 47 9275 324 7219 564 8450 678
6915 1 6916 919
6916 1 6917 169
6917 2 6918 505 9401 239
6918 2 6919 144 7193 67
6919 2 6920 842 7635 937
6920 2 6921 735 7332 845
6921 3 6922 761 9698 485 9718 746
6922 1 6923 739
6923 2 6924 420 7718 302
6924 2 6925 110 8421 252
6925 2 6926 261 8995 625
6926 1 6927 626
6927 2 6928 201 8822 480
6928 2 6929 193 8190 626
6929 3 6930 124 8065 56 8035 259
6930 1 6931 953
6931 2 6932 873 7604 703
6932 1 6933 403
6933 2 6934 221 9879 740
6934 2 6935 469 7774 41
6935 2 6936 845 9951 612
6936 1 6937 801
6937 2 6938 196 9395 178
6938 3 6939 734 9231 926 7507 266
6939 2 6940 347 8062 485
6940 3 6941 111 9725 971 8432 502
6941 1 6942 776
6942 1 6943 425
6943 2 6944 48 8889 700
6944 3 6945 949 9929 918 9290 737
6945 1 6946 649
6946 2 6947 858 9165 518
6947 1 6948 689
6948 2 6949 603 9210 840
6949 2 6950 127 8978 175
6950 1 6951 791
6951 2 6952 914 7069 527
6952 1 6953 462
6953 1 6954 469
6954 1 6955 675
6955 1 6956 604
6956 2 6957 980 9402 404
6957 1 6958 517
6958 2 6959 138 9929 512
6959 1 6960 987
6960 5 6961 511 7567 29 7435 181 9225 983 9386 522
6961 2 6962 5 8009 514
6962 2 6963 544 8377 177
6963 2 6964 754 7275 151
6964 3 6965 50 9425 829 7345 523
6965 2 6966 567 7672 969
6966 2 6967 958 8699 600
6967 1 6968 444
6968 2 6969 859 9813 147
6969 2 6970 600 9992 274
6970 2 6971 495 7701 189
6971 2 6972 947 7628 877
6972 1 6973 521
6973 4 6974 800 8175 40 8082 549 9673 151
6974 2 6975 944 9250 756
6975 1 6976 933
6976 1 6977 182
6977 2 6978 709 8081 977
6978 3 6979 593 7381 689 9860 440
6979 3 6980 178 7928 896 9002 357
6980 2 6981 749 8943 63
6981 2 6982 835 8829 479
6982 1 6983 132
6983 2 6984 107 8816 872
6984 2 6985 397 8640 446
6985 3 6986 674 9084 299 7299 320
6986 1 6987 615
6987 4 6988 621 8593 184 8147 147 7424 992
6988 2 6989 904 8216 241
6989 2 6990 330 9515 191
6990 2 6991 517 8159 331
6991 1 6992 903
6992 2 6993 394 7966 958
6993 3 6994 429 8029 709 7575 795
6994 1 6995 624
6995 1 6996 938
6996 1 6997 710
6997 6 6998 781 7857 356 9623 690 9781 862 9850 358 7151 526
6998 2 6999 255 8577 151
6999 2 7000 281 7281 360
7000 2 7001 408 8222 834
7001 3 7002 987 7206 313 7580 702
7002 2 7003 352 7334 766
7003 1 7004 994
7004 3 7005 302 8571 334 7224 846
7005 1 7006 464
7006 3 7007 825 8521 396 8917 431
7007 2 7008 137 8218 583
7008 3 7009 142 8877 374 9050 81
7009 2 7010 423 9378 673
7010 2 7011 617 7505 238
7011 3 7012 717 7785 878 8621 300
7012 3 7013 908 8870 431 7721 692
7013 1 7014 767
7014 6 7015 525 8025 254 8428 366 8719 60 8376 27 9965 275
7015 2 7016 307 7036 178
7016 1 7017 864
7017 1 7018 719
7018 2 7019 561 7155 346
7019 2 7020 882 8315 844
7020 3 7021 322 8018 635 9263 61
7021 4 7022 729 8422 987 9039 919 7306 485
7022 1 7023 755
7023 4 7024 958 8807 990 8673 698 7792 620
7024 2 7025 567 7764 372
7025 3 7026 648 8719 941 8880 30
7026 1 7027 223
7027 3 7028 206 9487 267 8042 633
7028 1 7029 215
7029 1 7030 640
7030 3 7031 732 9160 69 9279 999
7031 3 7032 298 7844 486 8041 685
7032 2 7033 704 8075 313
7033 1 7034 354
7034 2 7035 944 7162 755
7035 2 7036 689 8818 770
7036 2 7037 136 7363 337
7037 3 7038 728 9643 251 7419 228
7038 1 7039 666
7039 2 7040 999 8392 398
7040 2 7041 982 9913 438
7041 1 7042 183
7042 2 7043 516 9256 902
7043 4 7044 556 8699 578 8763 562 9364 653
7044 2 7045 711 7129 726
7045 3 7046 653 8119 995 8804 198
7046 3 7047 331 8205 925 8463 714
7047 1 7048 728
7048 1 7049 119
7049 3 7050 780 7373 945 7457 386
7050 2 7051 361 8493 677
7051 2 7052 576 8084 512
7052 1 7053 492
7053 1 7054 597
7054 1 7055 585
7055 2 7056 966 9501 708
7056 3 7057 684 7607 320 8529 212
7057 1 7058 728
7058 3 7059 428 9362 17 9763 143
7059 1 7060 691
7060 4 7061 766 7759 181 8195 477 8185 6
7061 1 7062 916
7062 2 7063 862 9244 54
7063 2 7064 547 8189 354
7064 1 7065 293
7065 2 7066 899 7960 629
7066 2 7067 868 7913 615
7067 2 7068 433 7235 818
7068 1 7069 828
7069 5 7070 14 7938 155 8673 202 8614 78 8055 21
7070 1 7071 536
7071 3 7072 110 9945 783 7478 705
7072 1 7073 26
7073 3 7074 391 9950 605 7428 617
7074 4 7075 149 9575 941 8777 869 9815 930
7075 2 7076 55 7345 105
7076 2 7077 687 9276 483
7077 3 7078 58 7941 626 9074 44
7078 1 7079 205
7079 2 7080 274 8955 394
7080 3 7081 769 7711 425 8053 768
7081 2 7082 805 7086 173
7082 3 7083 165 9103 270 8864 455
7083 1 7084 294
7084 2 7085 700 7509 827
7085 3 7086 257 8813 59 8993 423
7086 3 7087 150 8762 377 9648 743
7087 1 7088 860
7088 2 7089 64 9125 953
7089 1 7090 708
7090 2 7091 804 9479 680
7091 1 7092 303
7092 1 7093 209
7093 1 7094 772
7094 1 7095 555
7095 1 7096 34
7096 3 7097 368 7914 412 9068 548
7097 1 7098 834
7098 2 7099 464 9712 68
7099 2 7100 105 9811 190
7100 2 7101 631 7420 613
7101 3 7102 889 7740 840 8929 434
7102 1 7103 692
7103 2 7104 758 7551 698
7104 2 7105 576 8657 27
7105 1 7106 886
7106 4 7107 230 9425 745 7374 122 9833 273
7107 3 7108 761 9190 537 7158 309
7108 3 7109 663 8529 662 7590 91
7109 2 7110 575 8619 152
7110 2 7111 399 8665 118
7111 2 7112 244 8863 802
7112 3 7113 524 9696 437 9880 390
7113 2 7114 804 9135 615
7114 2 7115 816 9762 332
7115 1 7116 818
7116 3 7117 713 9083 297 9055 801
7117 2 7118 295 9314 117
7118 1 7119 710
7119 1 7120 681
7120 3 7121 49 8060 717 8136 306
7121 4 7122 949 8151 343 9036 27 8604 832
7122 4 7123 391 7171 296 8196 547 8353 868
7123 1 7124 397
7124 1 7125 427
7125 2 7126 980 8892 510
7126 3 7127 808 8762 485 9484 530
7127 1 7128 1000
7128 1 7129 702
7129 1 7130 321
7130 3 7131 990 9363 217 8432 833
7131 1 7132 566
7132 4 7133 56 9456 807 9422 975 7662 223
7133 1 7134 14
7134 4 7135 762 8340 738 9360 428 8875 98
7135 1 7136 258
7136 1 7137 208
7137 2 7138 636 8744 987
7138 3 7139 890 8066 175 8323 776
7139 3 7140 800 7815 324 9704 879
7140 2 7141 882 8214 166
7141 5 7142 892 7735 222 8704 292 8282 892 8142 475
7142 2 7143 454 7674 401
7143 2 7144 850 7970 509
7144 1 7145 231
7145 3 7146 934 7739 184 9097 870
7146 2 7147 649 7411 977
7147 2 7148 722 7233 166
7148 4 7149 727 8194 790 9431 719 7464 601
7149 1 7150 664
7150 1 7151 377
7151 1 7152 774
7152 1 7153 603
7153 1 7154 560
7154 2 7155 757 9863 312
7155 1 7156 618
7156 3 7157 202 9042 372 9245 527
7157 1 7158 795
7158 4 7159 743 7552 142 8284 765 9697 707
7159 1 7160 988
7160 1 7161 199
7161 2 7162 302 8498 175
7162 2 7163 460 8394 45
7163 2 7164 182 9459 453
7164 2 7165 700 9023 652
7165 3 7166 77 8210 357 9624 212
7166 2 7167 192 9151 877
7167 3 7168 986 9765 291 8780 448
7168 2 7169 178 8564 229
7169 2 7170 753 7635 40
7170 3 7171 527 8189 203 7218 553
7171 4 7172 123 7746 483 8457 804 8906 568
7172 2 7173 387 8653 773
7173 3 7174 42 9046 986 9844 399
7174 3 7175 439 9211 606 9526 634
7175 4 7176 286 7952 144 7659 919 8291 72
7176 2 7177 570 7876 575
7177 2 7178 271 9210 376
7178 1 7179 134
7179 1 7180 165
7180 3 7181 599 8404 842 9398 681
7181 1 7182 867
7182 2 7183 262 9349 750
7183 1 7184 6
7184 1 7185 339
7185 2 7186 478 7909 521
7186 1 7187 727
7187 1 7188 960
7188 1 7189 159
7189 1 7190 41
7190 2 7191 158 7294 893
7191 4 7192 951 8108 907 8889 570 9231 368
7192 2 7193 331 9999 124
7193 1 7194 612
7194 2 7195 53 9890 632
7195 1 7196 793
7196 2 7197 955 9152 270
7197 1 7198 641
7198 2 7199 631 7861 144
7199 1 7200 864
7200 2 7201 678 8242 859
7201 2 7202 309 7697 661
7202 1 7203 503
7203 3 7204 809 8946 681 7708 855
7204 2 7205 587 7819 559
7205 1 7206 564
7206 3 7207 367 9964 302 7530 223
7207 1 7208 75
7208 4 7209 803 7426 194 9080 471 9031 445
7209 5 7210 725 8965 807 9937 217 9553 64 9933 471
7210 2 7211 326 9216 750
7211 2 7212 539 7498 166
7212 2 7213 226 9100 588
7213 2 7214 980 9876 783
7214 2 7215 189 9291 383
7215 1 7216 534
7216 1 7217 70
7217 2 7218 806 7502 864
7218 4 7219 518 7437 841 7873 577 9387 614
7219 2 7220 164 8686 183
7220 3 7221 426 7948 520 7852 808
7221 1 7222 557
7222 2 7223 550 7670 914
7223 1 7224 414
7224 1 7225 95
7225 2 7226 358 8524 276
7226 3 7227 227 8425 659 8406 858
7227 2 7228 905 9976 121
7228 1 7229 219
7229 1 7230 680
7230 2 7231 340 8347 379
7231 1 7232 340
7232 1 7233 370
7233 1 7234 301
7234 3 7235 224 8344 946 8785 478
7235 3 7236 974 7843 734 9223 940
7236 2 7237 771 8194 272
7237 1 7238 634
7238 1 7239 544
7239 2 7240 487 9216 299
7240 5 7241 575 9688 536 7465 309 8982 409 8915 873
7241 2 7242 844 7954 768
7242 3 7243 771 8849 164 9878 300
7243 2 7244 665 8631 706
7244 2 7245 10 8148 333
7245 1 7246 118
7246 1 7247 685
7247 2 7248 355 7540 433
7248 1 7249 457
7249 3 7250 247 8432 168 8710 68
7250 3 7251 927 7418 252 8576 447
7251 2 7252 658 7591 150
7252 2 7253 629 9885 200
7253 2 7254 941 8183 717
7254 2 7255 637 7376 417
7255 3 7256 250 9673 694 7331 313
7256 2 7257 982 8146 949
7257 4 7258 41 7355 711 8041 865 7272 213
7258 1 7259 699
7259 2 7260 907 8652 551
7260 1 7261 329
7261 3 7262 391 8664 654 9932 766
7262 2 7263 938 8946 211
7263 1 7264 816
7264 4 7265 968 7447 283 9981 207 7427 138
7265 2 7266 117 8054 717
7266 2 7267 396 8975 435
7267 1 7268 263
7268 2 7269 554 9409 763
7269 1 7270 742
7270 2 7271 290 8617 138
7271 2 7272 26 9825 276
7272 1 7273 934
7273 1 7274 530
7274 2 7275 842 7456 230
7275 1 7276 789
7276 3 7277 384 9338 596 9089 154
7277 1 7278 527
7278 2 7279 823 8981 823
7279 1 7280 521
7280 2 7281 457 7902 474
7281 3 7282 499 7373 749 9848 948
7282 2 7283 45 7457 930
7283 2 7284 304 7322 227
7284 3 7285 920 8046 249 8311 954
7285 2 7286 668 8640 807
7286 2 7287 198 9182 464
7287 1 7288 329
7288 2 7289 527 9422 130
7289 2 7290 85 7759 94
7290 1 7291 971
7291 1 7292 99
7292 4 7293 172 8797 12 7417 638 8436 324
7293 5 7294 995 7799 362 9759 590 8887 56 9017 509
7294 2 7295 980 8016 316
7295 4 7296 792 9282 483 9212 591 7344 405
7296 3 7297 551 9034 92 9970 914
7297 1 7298 547
7298 1 7299 8
7299 3 7300 642 9771 991 9119 950
7300 2 7301 68 9598 90
7301 1 7302 216
7302 2 7303 687 7812 308
7303 2 7304 645 7708 77
7304 4 7305 793 9829 365 8184 189 9603 625
7305 1 7306 219
7306 2 7307 886 7356 763
7307 1 7308 702
7308 3 7309 435 9545 383 7369 69
7309 2 7310 856 7629 379
7310 2 7311 107 9948 211
7311 2 7312 211 7785 494
7312 1 7313 551
7313 1 7314 849
7314 1 7315 720
7315 3 7316 900 8633 385 8550 287
7316 1 7317 1000
7317 3 7318 760 8832 828 9263 347
7318 2 7319 794 8063 116
7319 3 7320 446 8649 305 9575 848
7320 4 7321 663 7822 535 9117 409 9793 845
7321 1 7322 837
7322 2 7323 963 9733 498
7323 2 7324 74 9542 332
7324 3 7325 765 8840 428 8842 938
7325 1 7326 703
7326 2 7327 158 8659 254
7327 3 7328 25 9626 856 7654 772
7328 1 7329 471
7329 3 7330 735 7411 994 7780 499
7330 1 7331 340
7331 3 7332 39 7636 913 8501 789
7332 1 7333 90
7333 1 7334 76
7334 3 7335 56 9013 227 7377 304
7335 1 7336 183
7336 1 7337 814
7337 3 7338 258 9767 461 8471 412
7338 2 7339 572 7815 685
7339 2 7340 73 7347 666
7340 3 7341 589 7568 688 7761 345
7341 1 7342 842
7342 2 7343 234 8743 638
7343 4 7344 933 9379 264 9204 315 9497 628
7344 2 7345 265 9948 207
7345 2 7346 418 8998 343
7346 1 7347 398
7347 2 7348 462 9637 666
7348 1 7349 646
7349 4 7350 415 7950 919 8286 28 8523 564
7350 3 7351 444 9686 780 8080 763
7351 2 7352 324 9058 439
7352 2 7353 18 7542 118
7353 3 7354 399 8918 695 9911 615
7354 4 7355 690 8650 6 7358 136 9977 158
7355 1 7356 122
7356 2 7357 548 7929 744
7357 4 7358 7 7968 888 9098 177 9376 338
7358 2 7359 657 7886 679
7359 1 7360 738
7360 3 7361 634 8339 407 7579 831
7361 1 7362 65
7362 2 7363 775 9120 975
7363 3 7364 764 8006 947 7927 260
7364 3 7365 600 8289 634 9738 637
7365 1 7366 47
7366 3 7367 718 7460 505 7476 390
7367 1 7368 869
7368 1 7369 75
7369 2 7370 367 9577 453
7370 2 7371 951 7718 825
7371 1 7372 515
7372 3 7373 109 9660 31 9785 552
7373 2 7374 297 8949 364
7374 1 7375 806
7375 1 7376 703
7376 1 7377 309
7377 2 7378 622 9434 382
7378 3 7379 89 8435 582 9909 458
7379 2 7380 289 9169 760
7380 1 7381 784
7381 1 7382 949
7382 1 7383 449
7383 1 7384 391
7384 1 7385 405
7385 2 7386 842 9634 269
7386 2 7387 677 9628 509
7387 3 7388 32 8555 232 8149 569
7388 2 7389 486 8406 379
7389 1 7390 161
7390 2 7391 547 8388 219
7391 2 7392 226 9026 710
7392 3 7393 140 8280 629 9389 2
7393 3 7394 765 8017 667 8776 125
7394 1 7395 401
7395 5 7396 816 9744 788 8835 900 9439 439 9756 391
7396 4 7397 817 9116 538 8906 434 8821 962
7397 1 7398 870
7398 1 7399 559
7399 1 7400 303
7400 1 7401 984
7401 3 7402 650 7787 537 8603 875
7402 1 7403 148
7403 3 7404 306 7739 474 8471 278
7404 4 7405 694 9937 703 9158 988 8280 878
7405 2 7406 909 8531 390
7406 1 7407 937
7407 2 7408 989 8677 552
7408 1 7409 815
7409 1 7410 888
7410 2 7411 747 9229 976
7411 2 7412 664 8795 801
7412 5 7413 383 9404 514 9954 526 8273 474 9295 127
7413 1 7414 981
7414 1 7415 973
7415 3 7416 12 7903 433 9040 49
7416 2 7417 567 7419 518
7417 2 7418 896 8536 252
7418 1 7419 569
7419 1 7420 145
7420 1 7421 127
7421 1 7422 43
7422 3 7423 6 8067 849 8079 616
7423 1 7424 587
7424 3 7425 611 7602 107 9095 793
7425 1 7426 404
7426 2 7427 551 7902 542
7427 2 7428 561 8594 167
7428 1 7429 970
7429 2 7430 88 9530 689
7430 4 7431 313 8984 329 7748 584 9075 601
7431 2 7432 216 8998 922
7432 3 7433 767 8070 855 8210 133
7433 5 7434 760 9458 122 7919 146 7990 867 9765 598
7434 2 7435 926 7902 22
7435 2 7436 744 8644 941
7436 2 7437 353 8387 92
7437 2 7438 217 7446 961
7438 2 7439 423 8069 869
7439 2 7440 928 7503 171
7440 3 7441 662 7657 417 8619 751
7441 2 7442 872 8109 981
7442 1 7443 525
7443 3 7444 146 9713 729 8548 893
7444 2 7445 165 7961 316
7445 3 7446 189 8870 311 7517 9
7446 2 7447 227 8991 24
7447 3 7448 632 7604 559 9468 870
7448 3 7449 855 7891 126 9708 391
7449 1 7450 259
7450 1 7451 199
7451 3 7452 118 8736 174 8102 151
7452 2 7453 186 9352 791
7453 2 7454 688 8171 728
7454 4 7455 819 9297 639 9236 50 9417 942
7455 2 7456 581 9777 992
7456 1 7457 873
7457 1 7458 56
7458 2 7459 872 9124 304
7459 1 7460 770
7460 2 7461 955 8330 957
7461 1 7462 563
7462 1 7463 473
7463 1 7464 661
7464 2 7465 563 8736 701
7465 2 7466 75 7763 329
7466 2 7467 298 9745 941
7467 2 7468 688 8071 616
7468 2 7469 69 7670 721
7469 2 7470 257 8533 408
7470 1 7471 101
7471 2 7472 203 9167 421
7472 4 7473 744 8199 42 7871 47 9452 384
7473 1 7474 595
7474 2 7475 499 7842 911
7475 2 7476 975 7478 258
7476 3 7477 339 8897 718 7872 685
7477 1 7478 366
7478 2 7479 132 9910 590
7479 1 7480 688
7480 1 7481 672
7481 2 7482 241 8520 368
7482 1 7483 103
7483 1 7484 292
7484 1 7485 635
7485 1 7486 72
7486 5 7487 922 9946 754 9132 743 7553 8 8678 724
7487 1 7488 199
7488 2 7489 326 9193 798
7489 1 7490 498
7490 2 7491 462 8371 204
7491 2 7492 337 8252 914
7492 1 7493 632
7493 3 7494 676 9280 956 8626 90
7494 2 7495 314 7950 124
7495 2 7496 711 8695 188
7496 2 7497 599 7521 547
7497 1 7498 157
7498 2 7499 580 9212 974
7499 3 7500 581 8295 648 8029 992
7500 2 7501 374 9888 380
7501 4 7502 828 7859 83 9102 617 9088 330
7502 3 7503 324 8428 107 9606 43
7503 2 7504 982 7519 893
7504 3 7505 439 8816 160 8504 941
7505 3 7506 173 7834 341 8815 361
7506 2 7507 5 7858 11
7507 1 7508 321
7508 2 7509 253 7863 31
7509 3 7510 805 8644 10 9635 967
7510 1 7511 227
7511 1 7512 730
7512 1 7513 758
7513 1 7514 657
7514 2 7515 447 8119 512
7515 2 7516 284 9137 170
7516 3 7517 861 8418 68 7572 848
7517 2 7518 369 8269 260
7518 4 7519 138 8349 103 8339 981 8569 788
7519 2 7520 696 8648 207
7520 1 7521 751
7521 1 7522 340
7522 2 7523 899 7709 524
7523 1 7524 492
7524 3 7525 474 9861 766 8950 305
7525 1 7526 457
7526 1 7527 368
7527 1 7528 794
7528 2 7529 313 8207 914
7529 1 7530 499
7530 4 7531 565 8718 664 8934 632 9838 749
7531 3 7532 112 7679 34 8571 900
7532 1 7533 180
7533 3 7534 662 9989 337 8799 603
7534 1 7535 622
7535 2 7536 84 9216 728
7536 2 7537 862 8105 767
7537 2 7538 288 9057 583
7538 1 7539 880
7539 3 7540 847 9080 633 8131 226
7540 5 7541 144 9044 52 7813 356 9920 818 8045 587
7541 2 7542 913 8963 637
7542 2 7543 552 9222 478
7543 1 7544 202
7544 2 7545 270 9327 797
7545 1 7546 752
7546 3 7547 908 8841 149 7550 675
7547 1 7548 642
7548 4 7549 79 8605 485 8040 130 9485 374
7549 3 7550 745 9033 342 8905 805
7550 1 7551 78
7551 3 7552 914 9282 582 9394 684
7552 3 7553 20 9194 605 9032 344
7553 1 7554 870
7554 2 7555 520 9619 713
7555 3 7556 647 9791 188 9436 251
7556 1 7557 32
7557 3 7558 833 8167 721 8045 365
7558 1 7559 596
7559 6 7560 593 8955 811 9538 527 9587 626 8445 631 9550 675
7560 3 7561 415 8926 880 7927 195
7561 1 7562 788
7562 2 7563 605 9953 422
7563 2 7564 218 8892 946
7564 2 7565 929 9615 879
7565 2 7566 38 8730 135
7566 2 7567 565 8115 8
7567 2 7568 267 9129 352
7568 1 7569 557
7569 4 7570 916 8391 924 8217 777 8302 491
7570 2 7571 553 8564 296
7571 2 7572 484 9991 533
7572 2 7573 670 7859 8
7573 2 7574 794 7956 358
7574 2 7575 153 8639 162
7575 1 7576 375
7576 2 7577 402 8389 269
7577 1 7578 229
7578 2 7579 913 9845 780
7579 2 7580 791 8000 415
7580 3 7581 604 9940 41 9963 533
7581 2 7582 751 8725 15
7582 1 7583 878
7583 2 7584 298 8319 806
7584 1 7585 138
7585 1 7586 476
7586 3 7587 514 9606 225 7790 642
7587 1 7588 523
7588 2 7589 93 8714 714
7589 1 7590 407
7590 4 7591 373 9617 161 8582 782 8685 573
7591 1 7592 515
7592 1 7593 11
7593 4 7594 679 8588 782 7943 138 9022 940
7594 2 7595 245 9223 803
7595 3 7596 869 8245 63 9762 418
7596 2 7597 988 8849 465
7597 1 7598 826
7598 2 7599 629 9525 172
7599 2 7600 701 8047 836
7600 3 7601 170 8773 846 9525 675
7601 3 7602 776 9293 930 7619 166
7602 2 7603 527 8687 791
7603 1 7604 144
7604 1 7605 457
7605 3 7606 164 8458 284 9359 902
7606 3 7607 184 9592 473 8921 267
7607 1 7608 580
7608 3 7609 972 9461 157 9416 81
7609 1 7610 580
7610 1 7611 676
7611 1 7612 894
7612 1 7613 991
7613 1 7614 150
7614 3 7615 754 8921 677 8768 41
7615 2 7616 750 9135 667
7616 2 7617 496 9565 620
7617 2 7618 962 8222 458
7618 1 7619 368
7619 1 7620 42
7620 1 7621 225
7621 2 7622 780 9143 904
7622 1 7623 500
7623 1 7624 238
7624 2 7625 65 7792 375
7625 2 7626 271 9553 238
7626 1 7627 379
7627 2 7628 240 9506 429
7628 4 7629 44 9753 516 7744 602 8858 738
7629 2 7630 685 9955 135
7630 1 7631 212
7631 1 7632 531
7632 3 7633 930 9551 658 9723 607
7633 1 7634 811
7634 1 7635 370
7635 3 7636 398 8463 301 9465 595
7636 1 7637 481
7637 1 7638 940
7638 1 7639 466
7639 1 7640 903
7640 1 7641 48
7641 2 7642 41 7760 876
7642 3 7643 665 7794 990 8149 558
7643 2 7644 332 9388 600
7644 2 7645 106 8494 308
7645 2 7646 721 9791 337
7646 1 7647 992
7647 1 7648 534
7648 3 7649 649 8337 918 9888 191
7649 3 7650 850 9249 939 8544 209
7650 2 7651 281 8779 91
7651 1 7652 855
7652 3 7653 760 8928 169 9683 447
7653 2 7654 270 9441 119
7654 2 7655 593 9041 758
7655 3 7656 558 8978 382 9879 682
7656 2 7657 584 8754 960
7657 3 7658 179 7779 160 8167 936
7658 2 7659 386 9489 233
7659 3 7660 670 9083 786 9161 237
7660 2 7661 388 9858 996
7661 2 7662 375 8370 203
7662 3 7663 602 8731 33 8181 400
7663 1 7664 670
7664 1 7665 920
7665 1 7666 856
7666 1 7667 80
7667 2 7668 530 7898 733
7668 2 7669 258 7682 115
7669 1 7670 386
7670 1 7671 997
7671 2 7672 930 9463 82
7672 1 7673 229
7673 1 7674 529
7674 1 7675 416
7675 1 7676 362
7676 1 7677 837
7677 1 7678 889
7678 2 7679 354 9736 294
7679 5 7680 499 8320 69 7881 791 9586 939 9057 613
7680 2 7681 812 8400 65
7681 2 7682 494 8669 980
7682 3 7683 909 8228 893 7848 520
7683 1 7684 619
7684 1 7685 7
7685 3 7686 514 8173 931 8324 867
7686 2 7687 904 8294 348
7687 1 7688 143
7688 4 7689 451 8490 159 7829 331 9371 267
7689 1 7690 170
7690 1 7691 236
7691 2 7692 79 7863 536
7692 4 7693 527 8957 618 8745 132 9969 420
7693 2 7694 659 8203 360
7694 1 7695 288
7695 1 7696 217
7696 3 7697 154 7776 321 7914 417
7697 2 7698 192 7857 63
7698 3 7699 162 8088 850 8112 130
7699 2 7700 371 7871 748
7700 3 7701 617 8428 516 8334 133
7701 1 7702 735
7702 2 7703 837 9259 398
7703 1 7704 122
7704 2 7705 677 9438 917
7705 3 7706 236 9344 534 9364 337
7706 1 7707 425
7707 2 7708 831 9896 111
7708 3 7709 339 7983 6 8495 957
7709 1 7710 738
7710 1 7711 117
7711 2 7712 494 8916 637
7712 3 7713 692 7919 109 8553 587
7713 3 7714 491 9575 503 9966 704
7714 1 7715 491
7715 2 7716 216 8758 399
7716 1 7717 605
7717 2 7718 166 9546 158
7718 1 7719 663
7719 3 7720 854 8890 546 8570 668
7720 2 7721 421 7860 941
7721 1 7722 23
7722 2 7723 250 7787 975
7723 3 7724 45 9266 299 8711 546
7724 2 7725 131 9781 881
7725 1 7726 588
7726 1 7727 607
7727 3 7728 165 9382 532 9927 602
7728 2 7729 138 9068 310
7729 2 7730 645 8468 590
7730 1 7731 525
7731 3 7732 41 8104 975 8682 365
7732 1 7733 913
7733 2 7734 587 8107 838
7734 2 7735 151 8882 931
7735 2 7736 58 7817 399
7736 2 7737 171 8210 424
7737 2 7738 265 9401 402
7738 4 7739 945 9887 533 9280 852 8951 6
7739 1 7740 185
7740 2 7741 530 8060 701
7741 2 7742 982 9972 168
7742 1 7743 416
7743 4 7744 614 8284 880 8324 632 9263 105
7744 2 7745 993 9598 368
7745 2 7746 578 9259 225
7746 2 7747 653 7758 52
7747 1 7748 20
7748 3 7749 900 8630 779 8967 746
7749 1 7750 737
7750 2 7751 746 8952 26
7751 1 7752 678
7752 3 7753 842 8445 587 7878 342
7753 2 7754 291 7892 373
7754 2 7755 970 9668 850
7755 1 7756 88
7756 3 7757 222 8631 56 8614 173
7757 1 7758 460
7758 5 7759 622 9902 741 9131 865 8017 19 8752 284
7759 2 7760 483 8736 982
7760 4 7761 889 9159 294 7898 286 8670 801
7761 3 7762 494 9813 361 8834 854
7762 2 7763 175 8250 462
7763 3 7764 225 7768 501 7804 326
7764 4 7765 851 8312 944 8528 557 7801 468
7765 2 7766 421 9494 23
7766 1 7767 616
7767 1 7768 147
7768 3 7769 814 9343 946 9838 294
7769 2 7770 597 8597 547
7770 1 7771 841
7771 2 7772 786 9624 630
7772 3 7773 187 9810 181 9444 752
7773 4 7774 639 9228 320 9846 548 8512 385
7774 1 7775 676
7775 2 7776 524 9890 406
7776 2 7777 271 9928 344
7777 1 7778 172
7778 5 7779 742 8223 337 8429 619 9738 491 9227 732
7779 3 7780 703 8258 247 7979 913
7780 2 7781 351 7830 153
7781 1 7782 945
7782 2 7783 465 7860 33
7783 1 7784 611
7784 4 7785 605 9454 916 9506 361 9706 467
7785 3 7786 71 9895 424 8590 10
7786 1 7787 236
7787 2 7788 388 8250 360
7788 4 7789 395 8472 591 8940 795 8424 177
7789 1 7790 136
7790 3 7791 112 9984 706 9161 345
7791 1 7792 17
7792 2 7793 208 7844 352
7793 2 7794 536 9696 426
7794 2 7795 881 9709 615
7795 1 7796 932
7796 2 7797 517 9855 919
7797 1 7798 701
7798 3 7799 430 8318 212 8021 960
7799 3 7800 847 8289 383 8608 103
7800 2 7801 154 8212 752
7801 2 7802 621 7986 371
7802 4 7803 99 9037 488 8271 286 8472 616
7803 1 7804 182
7804 2 7805 488 9595 397
7805 3 7806 924 9131 779 9387 290
7806 1 7807 630
7807 2 7808 615 9724 330
7808 3 7809 40 9530 916 9776 477
7809 1 7810 899
7810 1 7811 803
7811 4 7812 545 9062 874 8258 659 8477 2
7812 1 7813 516
7813 3 7814 771 8512 786 9146 726
7814 2 7815 121 7989 481
7815 2 7816 96 8711 590
7816 2 7817 494 8368 752
7817 4 7818 676 9702 709 8022 274 7820 831
7818 2 7819 134 8986 663
7819 1 7820 924
7820 2 7821 618 9225 859
7821 1 7822 553
7822 2 7823 848 9460 570
7823 1 7824 2
7824 2 7825 919 9145 919
7825 2 7826 961 9056 153
7826 3 7827 794 8387 323 9924 274
7827 2 7828 695 9307 253
7828 3 7829 665 8381 415 9580 210
7829 1 7830 442
7830 2 7831 535 9838 1000
7831 2 7832 431 7859 279
7832 2 7833 380 8226 498
7833 1 7834 896
7834 1 7835 45
7835 4 7836 715 9777 821 8832 432 8393 124
7836 1 7837 543
7837 4 7838 440 9779 319 9260 769 8608 300
7838 2 7839 235 8114 116
7839 2 7840 961 8699 772
7840 1 7841 822
7841 1 7842 494
7842 2 7843 809 9732 867
7843 5 7844 788 8345 673 9245 234 8021 491 9474 891
7844 3 7845 391 8292 115 8847 69
7845 2 7846 359 8773 724
7846 2 7847 604 8479 250
7847 3 7848 824 9600 811 9480 82
7848 2 7849 760 8232 508
7849 1 7850 930
7850 2 7851 780 8681 822
7851 1 7852 858
7852 1 7853 714
7853 3 7854 590 9470 932 8799 571
7854 1 7855 101
7855 1 7856 436
7856 4 7857 138 9283 320 8978 711 9440 716
7857 2 7858 261 7891 255
7858 2 7859 489 9898 528
7859 2 7860 785 9784 975
7860 1 7861 239
7861 3 7862 932 9721 644 7941 670
7862 1 7863 880
7863 2 7864 86 9633 828
7864 2 7865 291 9590 479
7865 1 7866 613
7866 1 7867 898
7867 1 7868 557
7868 1 7869 419
7869 1 7870 264
7870 2 7871 194 8774 449
7871 4 7872 6 9691 836 9059 297 9242 694
7872 3 7873 727 9659 890 8011 535
7873 2 7874 762 8279 876
7874 1 7875 809
7875 2 7876 8 8018 268
7876 2 7877 592 9941 944
7877 1 7878 536
7878 2 7879 121 9461 125
7879 2 7880 533 8536 783
7880 1 7881 8
7881 2 7882 385 8483 604
7882 2 7883 671 8459 185
7883 2 7884 211 9909 573
7884 1 7885 705
7885 1 7886 824
7886 1 7887 324
7887 1 7888 419
7888 2 7889 371 8158 61
7889 2 7890 110 8217 146
7890 3 7891 159 8707 977 9674 420
7891 1 7892 437
7892 1 7893 668
7893 1 7894 600
7894 1 7895 260
7895 1 7896 268
7896 3 7897 876 7975 570 9269 573
7897 2 7898 549 7979 781
7898 2 7899 434 8395 581
7899 2 7900 579 8654 48
7900 2 7901 375 9098 595
7901 3 7902 627 9921 395 8415 675
7902 1 7903 283
7903 2 7904 697 9476 68
7904 1 7905 407
7905 1 7906 774
7906 3 7907 209 9550 308 8505 803
7907 1 7908 424
7908 2 7909 566 8834 95
7909 1 7910 803
7910 1 7911 571
7911 2 7912 495 8440 178
7912 1 7913 184
7913 1 7914 380
7914 2 7915 573 8151 338
7915 2 7916 569 9118 272
7916 1 7917 496
7917 2 7918 260 9275 840
7918 3 7919 315 9945 486 8647 936
7919 2 7920 592 9084 930
7920 3 7921 353 8195 1000 9752 481
7921 1 7922 793
7922 1 7923 723
7923 1 7924 408
7924 2 7925 754 9594 922
7925 3 7926 142 9468 986 9929 616
7926 3 7927 876 8114 50 9908 122
7927 2 7928 885 8978 928
7928 1 7929 676
7929 2 7930 122 9485 15
7930 2 7931 766 8397 792
7931 1 7932 236
7932 2 7933 458 9709 306
7933 2 7934 802 8201 791
7934 2 7935 717 9701 44
7935 1 7936 973
7936 1 7937 166
7937 2 7938 103 9685 439
7938 3 7939 220 8705 752 7963 84
7939 3 7940 521 8653 139 8247 792
7940 2 7941 411 8949 353
7941 1 7942 805
7942 2 7943 347 9937 139
7943 1 7944 821
7944 3 7945 564 9632 349 8118 161
7945 2 7946 629 8768 118
7946 1 7947 714
7947 3 7948 701 8423 73 9955 816
7948 2 7949 724 9336 858
7949 1 7950 54
7950 3 7951 165 8643 892 9689 782
7951 1 7952 399
7952 1 7953 988
7953 2 7954 652 8672 346
7954 2 7955 6 9446 225
7955 2 7956 824 8453 600
7956 2 7957 94 9877 524
7957 2 7958 844 9280 601
7958 1 7959 149
7959 2 7960 483 8834 491
7960 1 7961 949
7961 3 7962 615 8019 811 8931 776
7962 3 7963 446 9366 450 8176 951
7963 1 7964 91
7964 1 7965 66
7965 2 7966 270 8338 468
7966 3 7967 228 8539 81 8477 6
7967 2 7968 380 8220 553
7968 3 7969 82 8497 349 9603 50
7969 2 7970 624 9368 618
7970 2 7971 39 8490 374
7971 2 7972 742 9121 354
7972 1 7973 394
7973 3 7974 954 8621 626 8625 315
7974 2 7975 411 9322 448
7975 2 7976 629 8793 478
7976 4 7977 672 8005 514 8882 242 9637 461
7977 1 7978 534
7978 1 7979 294
7979 3 7980 729 8491 287 8528 759
7980 1 7981 987
7981 1 7982 612
7982 3 7983 59 8597 583 8156 619
7983 3 7984 969 9537 299 8554 671
7984 3 7985 793 9566 563 9148 191
7985 2 7986 840 8000 160
7986 2 7987 180 9541 928
7987 4 7988 656 8049 67 9477 402 8875 782
7988 1 7989 507
7989 2 7990 450 8339 241
7990 1 7991 11
7991 2 7992 207 8782 776
7992 1 7993 871
7993 2 7994 673 8468 732
7994 2 7995 954 9559 919
7995 1 7996 824
7996 1 7997 531
7997 1 7998 293
7998 2 7999 200 8518 615
7999 2 8000 35 8117 365
8000 2 8001 803 9372 759
8001 4 8002 614 8206 708 8628 6 9668 508
8002 1 8003 523
8003 1 8004 529
8004 4 8005 716 8141 188 9626 238 8567 551
8005 3 8006 238 9306 706 8625 705
8006 1 8007 630
8007 3 8008 174 9125 512 9741 664
8008 2 8009 691 8013 126
8009 2 8010 37 8505 223
8010 1 8011 369
8011 3 8012 245 9573 403 9139 617
8012 2 8013 671 9139 508
8013 4 8014 1 9530 620 8655 560 9714 84
8014 1 8015 1000
8015 1 8016 162
8016 1 8017 89
8017 1 8018 283
8018 1 8019 799
8019 1 8020 410
8020 3 8021 362 9240 111 8348 209
8021 3 8022 686 8217 542 9561 132
8022 3 8023 405 8724 546 9085 270
8023 2 8024 416 8965 359
8024 1 8025 601
8025 2 8026 206 9241 256
8026 1 8027 531
8027 2 8028 16 9415 773
8028 2 8029 755 9886 146
8029 3 8030 721 9453 808 8902 622
8030 1 8031 71
8031 2 8032 942 9047 202
8032 2 8033 93 8705 651
8033 1 8034 563
8034 3 8035 292 8255 274 8473 9
8035 1 8036 744
8036 3 8037 850 9968 747 9778 859
8037 2 8038 573 9867 496
8038 2 8039 937 8334 512
8039 2 8040 597 9019 447
8040 3 8041 357 8521 385 8979 387
8041 2 8042 356 8713 472
8042 3 8043 987 9683 443 9392 568
8043 2 8044 836 8296 465
8044 1 8045 284
8045 2 8046 232 9675 23
8046 1 8047 621
8047 2 8048 987 8887 548
8048 1 8049 200
8049 5 8050 466 9614 973 8794 343 9656 749 8765 655
8050 2 8051 953 8115 512
8051 2 8052 414 9408 300
8052 3 8053 589 9818 957 9323 880
8053 3 8054 5 9595 251 8948 809
8054 1 8055 268
8055 6 8056 180 9432 108 8199 977 9764 552 9461 962 8187 868
8056 2 8057 417 8060 100
8057 4 8058 519 9996 688 8622 108 9789 153
8058 2 8059 110 9959 982
8059 2 8060 573 9917 705
8060 1 8061 75
8061 2 8062 516 8466 87
8062 1 8063 302
8063 3 8064 349 8270 813 8676 522
8064 2 8065 970 8859 767
8065 1 8066 120
8066 2 8067 823 8271 784
8067 2 8068 526 9984 405
8068 1 8069 980
8069 1 8070 264
8070 2 8071 898 9363 181
8071 2 8072 551 8280 345
8072 1 8073 833
8073 2 8074 813 8994 479
8074 3 8075 589 9730 896 9690 656
8075 1 8076 257
8076 2 8077 711 9692 214
8077 7 8078 454 8308 867 9294 974 9442 813 9991 303 9684 382 8947 264
8078 2 8079 990 9664 201
8079 1 8080 387
8080 1 8081 577
8081 3 8082 496 8517 389 8451 554
8082 3 8083 789 8781 50 9345 507
8083 2 8084 250 9372 717
8084 3 8085 776 8601 422 9030 564
8085 2 8086 348 8928 781
8086 2 8087 985 8808 103
8087 1 8088 795
8088 1 8089 470
8089 1 8090 698
8090 3 8091 472 8834 38 9345 49
8091 1 8092 919
8092 1 8093 601
8093 2 8094 883 8443 566
8094 2 8095 29 8216 319
8095 2 8096 494 9329 60
8096 2 8097 120 8879 134
8097 4 8098 265 8966 493 9827 371 8966 210
8098 2 8099 70 9419 677
8099 4 8100 392 9241 790 9942 566 9236 628
8100 3 8101 649 9370 631 8525 470
8101 1 8102 808
8102 4 8103 226 9816 719 9486 556 8545 445
8103 1 8104 694
8104 1 8105 719
8105 3 8106 236 9316 995 9518 606
8106 2 8107 820 9382 962
8107 3 8108 324 8677 62 9526 143
8108 3 8109 423 8192 453 8369 233
8109 2 8110 979 8563 606
8110 1 8111 362
8111 1 8112 529
8112 2 8113 549 8857 772
8113 3 8114 10 8409 938 8771 845
8114 3 8115 718 9017 454 8938 267
8115 2 8116 853 8395 229
8116 1 8117 270
8117 2 8118 255 9041 626
8118 1 8119 295
8119 1 8120 96
8120 1 8121 409
8121 2 8122 690 9631 593
8122 2 8123 767 8457 184
8123 1 8124 841
8124 2 8125 351 8582 542
8125 1 8126 78
8126 1 8127 568
8127 3 8128 954 8681 19 8651 51
8128 1 8129 183
8129 2 8130 488 8474 225
8130 1 8131 322
8131 1 8132 363
8132 1 8133 224
8133 2 8134 916 9669 770
8134 2 8135 588 8618 922
8135 2 8136 276 9309 819
8136 2 8137 188 9176 231
8137 1 8138 970
8138 2 8139 765 8717 135
8139 1 8140 700
8140 2 8141 953 9655 320
8141 2 8142 932 8987 351
8142 2 8143 195 8910 252
8143 1 8144 511
8144 1 8145 755
8145 2 8146 205 9364 819
8146 4 8147 241 9456 191 9618 866 8544 659
8147 1 8148 754
8148 2 8149 248 8689 747
8149 1 8150 894
8150 2 8151 272 8515 753
8151 4 8152 212 8801 280 8351 825 8569 314
8152 2 8153 235 9763 790
8153 2 8154 208 8156 118
8154 3 8155 855 8459 669 8769 177
8155 1 8156 256
8156 2 8157 857 9770 983
8157 2 8158 634 9162 517
8158 3 8159 365 9790 90 8570 131
8159 3 8160 160 9131 327 8682 573
8160 3 8161 798 8260 116 9532 132
8161 4 8162 110 9896 749 9548 97 9413 733
8162 2 8163 123 8535 549
8163 3 8164 943 8795 757 9475 655
8164 1 8165 81
8165 1 8166 693
8166 1 8167 979
8167 2 8168 680 9476 201
8168 1 8169 505
8169 2 8170 629 9206 678
8170 1 8171 7
8171 1 8172 783
8172 2 8173 878 9476 434
8173 2 8174 555 9934 932
8174 2 8175 981 9887 35
8175 2 8176 44 8607 546
8176 1 8177 869
8177 3 8178 494 9064 446 9219 614
8178 1 8179 381
8179 2 8180 636 9535 378
8180 2 8181 323 8798 630
8181 2 8182 505 8859 816
8182 2 8183 920 9756 149
8183 1 8184 903
8184 1 8185 919
8185 1 8186 589
8186 3 8187 890 9553 526 9568 837
8187 2 8188 282 8802 782
8188 2 8189 503 9644 348
8189 2 8190 188 8380 624
8190 2 8191 783 9444 974
8191 1 8192 938
8192 1 8193 524
8193 3 8194 287 8364 104 8286 310
8194 1 8195 408
8195 1 8196 228
8196 1 8197 769
8197 2 8198 591 8893 172
8198 2 8199 132 9755 121
8199 3 8200 56 8616 802 9768 856
8200 2 8201 539 8265 16
8201 1 8202 819
8202 2 8203 434 9802 747
8203 2 8204 490 9699 743
8204 1 8205 963
8205 1 8206 554
8206 1 8207 34
8207 2 8208 515 8754 712
8208 2 8209 356 9233 426
8209 3 8210 404 8853 536 8623 217
8210 1 8211 882
8211 1 8212 703
8212 2 8213 795 8812 144
8213 1 8214 179
8214 1 8215 469
8215 1 8216 1000
8216 3 8217 124 9031 811 8519 747
8217 1 8218 716
8218 2 8219 531 9467 915
8219 1 8220 472
8220 3 8221 324 9271 560 9999 976
8221 2 8222 706 8688 629
8222 1 8223 9
8223 1 8224 13
8224 1 8225 691
8225 2 8226 216 8489 312
8226 1 8227 389
8227 1 8228 595
8228 4 8229 104 9950 532 9113 896 9972 390
8229 2 8230 334 9698 126
8230 3 8231 371 9641 127 9280 677
8231 2 8232 628 8269 626
8232 2 8233 883 9252 453
8233 1 8234 266
8234 2 8235 192 9421 28
8235 1 8236 562
8236 2 8237 270 9888 184
8237 4 8238 243 9899 784 8264 622 8937 771
8238 1 8239 276
8239 1 8240 483
8240 2 8241 982 9142 877
8241 1 8242 628
8242 1 8243 352
8243 4 8244 375 8586 774 9267 130 9666 114
8244 2 8245 189 8676 358
8245 2 8246 511 9680 638
8246 1 8247 435
8247 4 8248 216 8412 614 9917 980 8797 130
8248 7 8249 430 8282 117 8314 827 9857 804 9879 312 9250 235 8506 156
8249 1 8250 718
8250 2 8251 771 8457 515
8251 1 8252 382
8252 3 8253 374 9446 235 9801 494
8253 3 8254 875 9263 953 9383 850
8254 3 8255 411 9704 738 8849 143
8255 2 8256 287 9812 536
8256 2 8257 462 9968 487
8257 2 8258 185 9580 297
8258 1 8259 586
8259 2 8260 135 8838 255
8260 2 8261 590 9710 487
8261 3 8262 703 8330 436 9896 335
8262 2 8263 235 9938 189
8263 1 8264 834
8264 2 8265 103 9053 973
8265 5 8266 739 8482 937 9904 111 8382 404 9863 599
8266 1 8267 277
8267 2 8268 824 8333 131
8268 2 8269 242 8577 475
8269 2 8270 569 8643 408
8270 2 8271 443 9913 326
8271 1 8272 877
8272 2 8273 391 9290 777
8273 2 8274 201 8834 544
8274 2 8275 150 8625 88
8275 1 8276 820
8276 2 8277 983 9142 967
8277 2 8278 757 9348 269
8278 1 8279 154
8279 2 8280 485 9126 649
8280 1 8281 826
8281 3 8282 10 9120 178 9915 472
8282 1 8283 181
8283 3 8284 432 9963 828 9758 989
8284 1 8285 512
8285 2 8286 138 8388 202
8286 4 8287 915 8547 497 8545 3 8418 185
8287 3 8288 870 9196 401 9908 161
8288 3 8289 646 9309 751 9454 449
8289 1 8290 530
8290 1 8291 547
8291 3 8292 738 8383 474 9167 36
8292 3 8293 324 9727 658 8361 282
8293 1 8294 805
8294 2 8295 499 9728 984
8295 2 8296 308 8431 361
8296 1 8297 257
8297 2 8298 576 9947 624
8298 1 8299 880
8299 2 8300 582 9132 974
8300 1 8301 49
8301 2 8302 408 9469 973
8302 3 8303 102 9204 594 9083 581
8303 1 8304 708
8304 1 8305 168
8305 2 8306 62 9042 490
8306 4 8307 221 9895 675 8527 432 8618 943
8307 3 8308 834 8994 283 9190 337
8308 4 8309 261 9986 856 8807 929 9793 758
8309 2 8310 488 9111 856
8310 2 8311 860 8420 781
8311 1 8312 645
8312 2 8313 99 8842 101
8313 2 8314 461 8992 663
8314 4 8315 763 9040 127 8755 912 9765 488
8315 3 8316 343 8896 275 9110 98
8316 2 8317 267 8329 82
8317 2 8318 370 8767 602
8318 1 8319 369
8319 1 8320 574
8320 2 8321 571 8994 430
8321 4 8322 955 9005 55 8867 408 9569 298
8322 1 8323 830
8323 1 8324 264
8324 2 8325 353 8816 483
8325 1 8326 21
8326 4 8327 422 9931 596 8389 835 8458 69
8327 1 8328 125
8328 2 8329 360 9685 366
8329 1 8330 889
8330 1 8331 696
8331 1 8332 987
8332 2 8333 621 9859 892
8333 2 8334 204 9379 454
8334 5 8335 591 9831 140 9880 173 9624 940 9934 613
8335 1 8336 590
8336 2 8337 666 8952 511
8337 3 8338 665 8862 364 8965 301
8338 3 8339 552 9599 83 8373 213
8339 1 8340 179
8340 2 8341 800 8737 822
8341 2 8342 292 8551 270
8342 2 8343 364 9109 511
8343 1 8344 333
8344 3 8345 690 9131 576 9312 906
8345 1 8346 523
8346 1 8347 500
8347 1 8348 794
8348 2 8349 755 9181 662
8349 1 8350 458
8350 2 8351 911 8839 418
8351 2 8352 81 8812 24
8352 1 8353 391
8353 2 8354 629 9228 660
8354 2 8355 294 9735 569
8355 1 8356 475
8356 1 8357 647
8357 2 8358 980 9112 503
8358 1 8359 149
8359 1 8360 890
8360 1 8361 172
8361 2 8362 656 8938 47
8362 1 8363 828
8363 2 8364 951 9007 995
8364 5 8365 346 9459 32 9923 929 9354 950 9919 530
8365 1 8366 432
8366 2 8367 647 9237 423
8367 1 8368 628
8368 1 8369 586
8369 1 8370 415
8370 2 8371 870 8770 146
8371 3 8372 929 8567 394 9960 876
8372 5 8373 74 9684 760 8566 411 8563 337 9630 424
8373 1 8374 82
8374 2 8375 166 9979 671
8375 1 8376 352
8376 1 8377 234
8377 2 8378 322 8773 871
8378 4 8379 325 8773 59 9736 934 9736 953
8379 3 8380 669 8951 151 9618 168
8380 1 8381 299
8381 2 8382 728 9670 666
8382 2 8383 274 9510 452
8383 5 8384 620 9514 320 8498 741 8850 330 9023 156
8384 2 8385 661 9700 24
8385 2 8386 405 9962 416
8386 4 8387 278 8489 104 9543 885 9312 521
8387 1 8388 909
8388 2 8389 456 8616 798
8389 1 8390 800
8390 1 8391 884
8391 2 8392 962 9156 131
8392 4 8393 372 9665 345 9157 17 9596 77
8393 3 8394 766 9575 77 8403 786
8394 1 8395 602
8395 2 8396 534 9984 832
8396 4 8397 989 8617 836 9676 975 9773 743
8397 3 8398 462 9899 590 9527 489
8398 4 8399 424 9884 81 9268 417 9151 425
8399 4 8400 172 9360 588 9958 975 9219 945
8400 1 8401 189
8401 1 8402 875
8402 1 8403 24
8403 1 8404 129
8404 1 8405 746
8405 1 8406 241
8406 1 8407 678
8407 2 8408 258 9696 553
8408 2 8409 964 9492 121
8409 3 8410 762 8452 513 9781 326
8410 2 8411 718 9325 611
8411 2 8412 768 9997 514
8412 2 8413 82 9627 61
8413 1 8414 216
8414 2 8415 171 9875 160
8415 2 8416 407 9776 97
8416 2 8417 106 9798 432
8417 1 8418 98
8418 3 8419 66 8604 128 8816 54
8419 2 8420 960 9309 615
8420 2 8421 900 8495 683
8421 1 8422 485
8422 3 8423 562 9527 875 8781 318
8423 3 8424 56 9939 378 8830 683
8424 5 8425 27 9006 975 8676 40 8562 863 8560 362
8425 2 8426 790 9504 572
8426 1 8427 407
8427 2 8428 537 8483 662
8428 1 8429 784
8429 2 8430 86 9120 346
8430 1 8431 107
8431 2 8432 269 9490 305
8432 2 8433 633 9484 652
8433 6 8434 160 9296 274 9241 897 9384 728 9849 528 9306 674
8434 1 8435 87
8435 2 8436 671 8632 509
8436 3 8437 954 9521 941 9695 746
8437 1 8438 907
8438 1 8439 400
8439 1 8440 317
8440 1 8441 235
8441 1 8442 254
8442 2 8443 756 9955 721
8443 2 8444 291 9372 688
8444 4 8445 454 9682 686 9816 606 9143 210
8445 1 8446 642
8446 1 8447 130
8447 1 8448 135
8448 1 8449 540
8449 2 8450 859 9338 752
8450 2 8451 175 8710 717
8451 2 8452 30 9654 805
8452 2 8453 36 9134 516
8453 1 8454 680
8454 2 8455 366 9273 17
8455 1 8456 882
8456 2 8457 938 9854 371
8457 2 8458 334 9072 47
8458 1 8459 885
8459 3 8460 488 8889 102 9348 441
8460 2 8461 479 9922 993
8461 2 8462 999 9654 198
8462 2 8463 892 9098 765
8463 1 8464 554
8464 1 8465 958
8465 2 8466 279 8840 165
8466 4 8467 562 9472 179 8558 726 9977 98
8467 3 8468 456 9299 489 9943 292
8468 3 8469 139 9651 905 8668 832
8469 2 8470 993 8630 536
8470 3 8471 972 9733 647 9101 343
8471 4 8472 715 9781 398 9526 947 9427 604
8472 1 8473 553
8473 1 8474 182
8474 2 8475 606 9085 104
8475 1 8476 612
8476 2 8477 468 9342 116
8477 1 8478 647
8478 2 8479 767 9363 185
8479 1 8480 652
8480 2 8481 899 9122 247
8481 1 8482 578
8482 2 8483 446 9734 513
8483 1 8484 537
8484 1 8485 656
8485 1 8486 655
8486 1 8487 547
8487 2 8488 318 9430 860
8488 1 8489 931
8489 2 8490 356 9066 382
8490 2 8491 494 8564 481
8491 2 8492 553 9447 508
8492 2 8493 233 8720 863
8493 1 8494 825
8494 2 8495 92 8837 922
8495 1 8496 453
8496 6 8497 316 8807 760 9686 410 9209 198 9991 886 8891 21
8497 1 8498 375
8498 1 8499 423
8499 3 8500 267 9512 823 8865 851
8500 2 8501 160 9221 236
8501 3 8502 311 9452 184 9895 282
8502 2 8503 11 9731 326
8503 1 8504 1
8504 1 8505 536
8505 2 8506 835 9854 47
8506 1 8507 777
8507 1 8508 869
8508 2 8509 140 8797 132
8509 1 8510 353
8510 1 8511 294
8511 1 8512 481
8512 1 8513 548
8513 1 8514 9
8514 2 8515 705 9239 806
8515 3 8516 945 9478 883 9112 715
8516 2 8517 504 9591 632
8517 2 8518 970 8704 680
8518 3 8519 774 9527 812 8777 969
8519 1 8520 489
8520 3 8521 307 9065 955 9692 804
8521 2 8522 10 8735 789
8522 2 8523 785 9858 969
8523 3 8524 441 9985 569 9397 206
8524 1 8525 818
8525 1 8526 300
8526 1 8527 612
8527 1 8528 237
8528 1 8529 816
8529 1 8530 8
8530 2 8531 562 9874 259
8531 2 8532 383 9031 574
8532 2 8533 194 9670 823
8533 1 8534 422
8534 1 8535 904
8535 2 8536 575 9008 313
8536 2 8537 448 9386 828
8537 3 8538 405 9298 25 9708 787
8538 2 8539 256 9769 187
8539 1 8540 168
8540 3 8541 733 9191 195 9130 510
8541 3 8542 755 9239 776 8955 680
8542 1 8543 662
8543 2 8544 400 9026 244
8544 1 8545 849
8545 1 8546 388
8546 1 8547 226
8547 1 8548 270
8548 3 8549 82 9550 883 9411 916
8549 2 8550 433 8951 893
8550 2 8551 641 9510 424
8551 1 8552 246
8552 4 8553 530 9202 544 9343 473 9735 573
8553 2 8554 783 9148 927
8554 1 8555 820
8555 2 8556 932 9161 149
8556 1 8557 628
8557 1 8558 827
8558 1 8559 711
8559 2 8560 702 9859 671
8560 1 8561 279
8561 1 8562 292
8562 1 8563 665
8563 3 8564 761 9092 915 8889 207
8564 3 8565 545 8641 963 9381 331
8565 1 8566 829
8566 1 8567 276
8567 1 8568 423
8568 1 8569 193
8569 4 8570 874 9490 850 9842 383 8982 5
8570 4 8571 71 9509 963 9493 422 9132 197
8571 1 8572 187
8572 3 8573 140 9975 210 9544 221
8573 2 8574 297 9089 917
8574 3 8575 114 8789 85 9380 606
8575 1 8576 653
8576 2 8577 467 9411 171
8577 3 8578 633 9038 180 9743 470
8578 2 8579 464 9384 472
8579 1 8580 279
8580 2 8581 718 9549 575
8581 4 8582 638 9613 810 9496 346 8867 43
8582 1 8583 504
8583 3 8584 193 8610 251 9627 591
8584 3 8585 329 9286 330 9966 547
8585 2 8586 20 9081 346
8586 2 8587 156 8993 975
8587 1 8588 51
8588 2 8589 993 9359 778
8589 2 8590 548 8800 791
8590 2 8591 23 9166 778
8591 3 8592 191 8735 466 8593 409
8592 3 8593 996 8610 11 9576 251
8593 4 8594 105 9134 298 8793 244 9558 5
8594 2 8595 289 9592 144
8595 1 8596 276
8596 2 8597 129 8768 298
8597 2 8598 733 9576 766
8598 3 8599 449 8886 945 9835 791
8599 2 8600 745 8824 68
8600 1 8601 9
8601 2 8602 239 9229 717
8602 4 8603 93 9133 311 9402 526 9703 96
8603 2 8604 155 8650 882
8604 4 8605 16 9792 521 9359 651 8958 51
8605 4 8606 506 9121 509 9593 180 9076 831
8606 1 8607 223
8607 2 8608 351 9291 671
8608 2 8609 431 9139 133
8609 1 8610 320
8610 1 8611 805
8611 2 8612 819 9489 41
8612 2 8613 511 9702 730
8613 3 8614 381 9338 11 9349 437
8614 1 8615 475
8615 5 8616 714 9507 792 8994 129 9962 717 9932 560
8616 1 8617 811
8617 2 8618 33 9979 683
8618 1 8619 339
8619 2 8620 83 8766 852
8620 1 8621 864
8621 3 8622 769 9149 602 9503 586
8622 2 8623 975 9447 603
8623 2 8624 150 8913 931
8624 2 8625 58 9197 477
8625 4 8626 273 9080 801 9253 603 9929 136
8626 1 8627 795
8627 4 8628 402 9533 711 9296 771 9418 701
8628 1 8629 74
8629 2 8630 557 8881 482
8630 3 8631 482 8912 745 9945 634
8631 3 8632 186 8829 668 9412 447
8632 3 8633 197 8991 272 9307 275
8633 3 8634 918 9910 903 9165 151
8634 3 8635 862 9654 737 9452 410
8635 1 8636 257
8636 1 8637 837
8637 1 8638 391
8638 2 8639 849 9740 374
8639 1 8640 13
8640 2 8641 125 8708 352
8641 1 8642 998
8642 1 8643 787
8643 1 8644 732
8644 2 8645 255 9137 592
8645 1 8646 395
8646 3 8647 790 8752 622 9532 911
8647 4 8648 999 9247 353 9564 799 9488 327
8648 3 8649 454 9517 5 9037 1000
8649 2 8650 254 9299 392
8650 1 8651 756
8651 1 8652 35
8652 2 8653 204 9900 44
8653 2 8654 472 9670 195
8654 1 8655 753
8655 1 8656 790
8656 4 8657 97 8663 153 9539 220 9422 515
8657 2 8658 534 8781 935
8658 1 8659 682
8659 3 8660 214 9053 89 9302 586
8660 3 8661 485 8915 912 8940 418
8661 1 8662 399
8662 2 8663 698 9510 855
8663 2 8664 985 9882 402
8664 1 8665 320
8665 1 8666 959
8666 2 8667 331 9570 524
8667 4 8668 163 9690 416 8997 474 9551 740
8668 4 8669 645 9722 921 9954 711 9081 403
8669 3 8670 746 8695 5 9982 497
8670 2 8671 44 9680 655
8671 1 8672 763
8672 2 8673 960 9067 488
8673 1 8674 563
8674 2 8675 534 9156 564
8675 1 8676 126
8676 3 8677 260 9433 312 8810 601
8677 4 8678 493 9541 807 9255 350 8862 480
8678 2 8679 654 8953 96
8679 1 8680 306
8680 1 8681 204
8681 2 8682 370 9127 432
8682 2 8683 909 9104 252
8683 1 8684 54
8684 1 8685 885
8685 1 8686 683
8686 2 8687 224 8882 634
8687 1 8688 997
8688 1 8689 116
8689 1 8690 242
8690 4 8691 649 9577 146 9920 999 9032 715
8691 3 8692 445 9377 615 9413 408
8692 2 8693 333 9768 49
8693 3 8694 16 9980 897 9906 135
8694 2 8695 172 9259 504
8695 2 8696 814 9410 419
8696 1 8697 283
8697 5 8698 599 9039 384 9909 921 9427 942 9407 513
8698 3 8699 123 9626 361 9145 123
8699 3 8700 406 9445 77 8971 299
8700 2 8701 809 9323 962
8701 3 8702 249 9509 491 9373 847
8702 1 8703 10
8703 1 8704 993
8704 3 8705 44 9429 980 9184 853
8705 1 8706 596
8706 1 8707 803
8707 1 8708 708
8708 1 8709 487
8709 2 8710 705 9180 493
8710 2 8711 611 9444 8
8711 3 8712 159 9841 609 9142 840
8712 1 8713 381
8713 2 8714 790 9082 986
8714 4 8715 92 9806 922 9159 815 9578 213
8715 1 8716 255
8716 1 8717 162
8717 1 8718 512
8718 2 8719 94 8925 283
8719 4 8720 703 9229 350 9728 394 8770 325
8720 2 8721 634 9374 792
8721 3 8722 347 9164 453 8820 473
8722 2 8723 954 8978 416
8723 2 8724 993 9775 995
8724 4 8725 778 9203 389 9528 231 9896 94
8725 1 8726 641
8726 1 8727 62
8727 1 8728 62
8728 2 8729 365 9987 874
8729 2 8730 661 8910 688
8730 2 8731 158 8864 839
8731 1 8732 719
8732 1 8733 550
8733 3 8734 811 9425 740 9284 323
8734 1 8735 110
8735 4 8736 129 9519 601 9478 553 9805 597
8736 4 8737 500 9774 251 9242 555 8955 390
8737 2 8738 239 9957 240
8738 1 8739 325
8739 3 8740 572 9972 968 9837 235
8740 5 8741 808 8901 998 9508 717 9821 41 8946 289
8741 4 8742 661 9984 329 9229 299 8973 574
8742 2 8743 775 9683 872
8743 3 8744 356 8903 269 8896 677
8744 1 8745 825
8745 3 8746 914 9754 546 8796 525
8746 2 8747 450 9979 77
8747 1 8748 751
8748 4 8749 198 9669 990 9634 168 9018 901
8749 1 8750 22
8750 2 8751 706 8897 356
8751 1 8752 387
8752 1 8753 367
8753 2 8754 742 8789 634
8754 2 8755 138 9461 251
8755 2 8756 257 9934 248
8756 2 8757 921 8911 292
8757 4 8758 41 9549 193 9765 93 9609 887
8758 2 8759 497 9711 524
8759 4 8760 724 9579 546 9277 368 9376 17
8760 2 8761 449 9218 32
8761 2 8762 573 9863 894
8762 3 8763 302 9160 491 9143 894
8763 1 8764 556
8764 2 8765 714 9457 668
8765 4 8766 502 9513 115 9573 947 8972 877
8766 2 8767 195 9507 705
8767 2 8768 581 9720 112
8768 1 8769 192
8769 2 8770 557 9519 594
8770 3 8771 357 9506 342 9440 942
8771 3 8772 332 9414 108 9300 106
8772 6 8773 750 9275 744 9725 950 9386 420 8990 139 9893 174
8773 2 8774 480 9376 809
8774 1 8775 282
8775 1 8776 889
8776 2 8777 852 8876 260
8777 1 8778 614
8778 2 8779 937 9801 412
8779 2 8780 882 9627 262
8780 3 8781 568 9198 73 9764 989
8781 1 8782 165
8782 2 8783 71 9351 483
8783 2 8784 544 9618 964
8784 3 8785 159 9950 176 8812 677
8785 3 8786 461 9257 394 9949 47
8786 3 8787 303 9654 835 9211 384
8787 1 8788 840
8788 2 8789 270 9874 501
8789 2 8790 555 9647 363
8790 1 8791 376
8791 2 8792 465 9097 759
8792 3 8793 1 9727 984 9054 641
8793 2 8794 795 9695 138
8794 1 8795 654
8795 2 8796 519 8826 111
8796 1 8797 389
8797 2 8798 752 9468 172
8798 3 8799 190 8927 26 9989 945
8799 1 8800 905
8800 2 8801 20 8809 997
8801 3 8802 635 9114 567 8949 691
8802 5 8803 878 9809 699 9262 136 8922 399 9635 424
8803 2 8804 373 9051 733
8804 4 8805 795 9504 150 8859 356 9233 108
8805 1 8806 636
8806 4 8807 245 9674 985 9185 416 9838 641
8807 3 8808 329 8818 957 9077 388
8808 2 8809 739 9422 334
8809 1 8810 65
8810 4 8811 675 9408 683 8918 844 8920 895
8811 2 8812 991 9097 538
8812 2 8813 552 9969 930
8813 2 8814 839 9978 216
8814 1 8815 397
8815 2 8816 195 9236 966
8816 2 8817 537 8983 807
8817 2 8818 700 9459 714
8818 4 8819 510 9285 325 9889 103 9529 81
8819 3 8820 785 8902 45 9134 891
8820 1 8821 565
8821 4 8822 158 9489 39 9331 716 9123 304
8822 1 8823 628
8823 1 8824 290
8824 3 8825 331 9215 89 9199 199
8825 1 8826 420
8826 2 8827 657 9509 271
8827 5 8828 330 9835 290 9762 46 8979 840 9056 425
8828 1 8829 114
8829 1 8830 99
8830 1 8831 536
8831 2 8832 675 9592 59
8832 3 8833 69 9020 706 8970 603
8833 1 8834 45
8834 5 8835 856 9474 628 9171 912 9433 232 9524 199
8835 2 8836 961 9218 27
8836 2 8837 133 9334 898
8837 1 8838 183
8838 1 8839 895
8839 1 8840 33
8840 1 8841 207
8841 3 8842 110 9486 884 9979 195
8842 2 8843 498 9882 225
8843 1 8844 197
8844 2 8845 102 9946 819
8845 2 8846 33 9178 547
8846 5 8847 585 9488 205 9376 248 9734 572 9302 981
8847 2 8848 658 9919 660
8848 2 8849 857 9567 115
8849 1 8850 398
8850 4 8851 674 9177 872 9267 328 9457 470
8851 3 8852 502 8909 34 9682 511
8852 1 8853 539
8853 1 8854 639
8854 3 8855 719 9239 655 8890 872
8855 2 8856 605 8881 156
8856 5 8857 263 9487 512 9976 19 9208 109 9897 749
8857 1 8858 51
8858 2 8859 376 9352 250
8859 2 8860 227 9158 329
8860 1 8861 621
8861 3 8862 736 9544 924 9887 154
8862 1 8863 73
8863 2 8864 14 9711 523
8864 2 8865 953 9279 80
8865 1 8866 944
8866 2 8867 214 9165 151
8867 2 8868 672 9433 69
8868 1 8869 504
8869 1 8870 951
8870 4 8871 912 9141 486 9902 107 9016 150
8871 4 8872 853 9336 412 9223 997 9312 313
8872 1 8873 82
8873 2 8874 480 9368 995
8874 1 8875 821
8875 3 8876 655 9685 962 9186 98
8876 4 8877 63 9237 798 9566 308 9743 32
8877 2 8878 370 8986 981
8878 1 8879 572
8879 2 8880 762 9187 878
8880 2 8881 961 9690 239
8881 1 8882 912
8882 1 8883 426
8883 3 8884 842 9919 372 8954 599
8884 3 8885 378 9772 999 9649 7
8885 2 8886 814 9710 182
8886 2 8887 726 9327 613
8887 2 8888 60 9760 536
8888 1 8889 844
8889 1 8890 632
8890 1 8891 273
8891 2 8892 542 9335 419
8892 3 8893 42 9507 642 9882 505
8893 4 8894 752 9499 346 9820 308 9459 534
8894 1 8895 73
8895 1 8896 855
8896 2 8897 312 9018 588
8897 2 8898 80 9821 332
8898 3 8899 968 9433 9 9315 210
8899 2 8900 222 9661 117
8900 3 8901 984 9501 55 9779 16
8901 2 8902 532 9070 966
8902 2 8903 100 9119 755
8903 2 8904 104 9889 303
8904 2 8905 743 9122 429
8905 3 8906 237 9868 136 9688 61
8906 1 8907 545
8907 2 8908 395 9329 507
8908 3 8909 195 9097 85 9277 640
8909 1 8910 198
8910 2 8911 539 9050 841
8911 2 8912 673 9360 963
8912 5 8913 255 8998 533 9735 459 9724 194 9730 701
8913 1 8914 584
8914 2 8915 641 9483 874
8915 1 8916 971
8916 1 8917 184
8917 3 8918 572 8985 766 9122 665
8918 3 8919 768 9285 278 9875 838
8919 2 8920 572 9825 715
8920 1 8921 426
8921 1 8922 765
8922 1 8923 109
8923 2 8924 785 9005 864
8924 3 8925 654 9129 649 9087 476
8925 2 8926 591 9817 509
8926 1 8927 367
8927 2 8928 691 9848 982
8928 2 8929 470 9190 406
8929 1 8930 720
8930 1 8931 682
8931 2 8932 438 9059 538
8932 2 8933 905 9540 315
8933 1 8934 107
8934 3 8935 171 9447 743 9965 850
8935 1 8936 812
8936 2 8937 185 9672 355
8937 1 8938 564
8938 3 8939 412 9151 40 9443 633
8939 1 8940 517
8940 2 8941 346 9980 469
8941 2 8942 674 9113 241
8942 2 8943 162 9848 523
8943 1 8944 547
8944 2 8945 615 9251 183
8945 2 8946 454 9102 928
8946 2 8947 956 9357 342
8947 5 8948 361 9654 386 9644 753 9838 309 9749 681
8948 3 8949 925 9700 35 9766 460
8949 1 8950 323
8950 2 8951 564 9789 810
8951 3 8952 333 9003 890 9110 426
8952 1 8953 866
8953 2 8954 381 9901 748
8954 2 8955 423 9808 17
8955 4 8956 783 9658 309 9103 349 9177 464
8956 3 8957 649 9367 488 9551 70
8957 4 8958 441 9122 756 8991 976 9122 544
8958 1 8959 846
8959 3 8960 744 8962 139 9164 159
8960 1 8961 332
8961 2 8962 624 8976 384
8962 2 8963 247 9422 332
8963 4 8964 577 9639 947 9820 409 9868 25
8964 1 8965 559
8965 1 8966 220
8966 2 8967 385 9626 759
8967 1 8968 785
8968 1 8969 564
8969 2 8970 949 9940 511
8970 3 8971 763 9685 70 9739 624
8971 2 8972 261 9341 903
8972 4 8973 369 8994 689 9843 492 9181 700
8973 2 8974 985 9643 465
8974 2 8975 464 9059 750
8975 1 8976 459
8976 2 8977 983 9236 834
8977 4 8978 407 9379 346 9888 923 9645 858
8978 6 8979 1 9382 100 9137 684 9830 399 9725 767 9588 399
8979 3 8980 744 9579 721 9476 620
8980 2 8981 36 9823 92
8981 3 8982 292 9865 783 9235 221
8982 1 8983 611
8983 1 8984 17
8984 1 8985 531
8985 1 8986 139
8986 7 8987 912 9442 469 9535 275 9977 943 9033 144 9066 562 9956 218
8987 2 8988 310 9439 736
8988 1 8989 7
8989 2 8990 308 9644 71
8990 2 8991 228 9598 857
8991 1 8992 220
8992 3 8993 877 9984 55 9844 815
8993 2 8994 323 9133 848
8994 2 8995 23 9452 95
8995 4 8996 791 9371 804 9854 193 9306 680
8996 1 8997 842
8997 1 8998 966
8998 1 8999 707
8999 2 9000 843 9591 387
9000 5 9001 283 9327 278 9510 552 9285 234 9890 187
9001 1 9002 942
9002 1 9003 567
9003 4 9004 524 9145 119 9454 320 9024 59
9004 1 9005 570
9005 1 9006 585
9006 2 9007 949 9518 31
9007 1 9008 586
9008 1 9009 159
9009 1 9010 97
9010 3 9011 39 9103 96 9226 518
9011 2 9012 472 9344 112
9012 2 9013 365 9410 716
9013 1 9014 160
9014 3 9015 142 9787 555 9772 202
9015 3 9016 272 9203 447 9770 916
9016 3 9017 376 9103 363 9673 142
9017 1 9018 911
9018 3 9019 597 9748 303 9699 965
9019 2 9020 256 9161 274
9020 1 9021 239
9021 4 9022 263 9619 841 9413 587 9169 243
9022 3 9023 831 9203 660 9252 224
9023 3 9024 308 9074 954 9030 186
9024 2 9025 95 9683 78
9025 1 9026 585
9026 2 9027 410 9146 316
9027 1 9028 583
9028 1 9029 940
9029 2 9030 223 9749 775
9030 3 9031 752 9179 100 9603 799
9031 3 9032 80 9613 197 9379 100
9032 3 9033 741 9065 134 9964 273
9033 1 9034 333
9034 4 9035 812 9334 890 9356 977 9631 193
9035 3 9036 495 9989 935 9703 302
9036 1 9037 178
9037 1 9038 500
9038 2 9039 846 9263 492
9039 2 9040 921 9561 658
9040 2 9041 707 9645 859
9041 1 9042 720
9042 1 9043 591
9043 1 9044 840
9044 1 9045 930
9045 2 9046 98 9792 602
9046 2 9047 610 9857 924
9047 2 9048 658 9335 830
9048 2 9049 308 9134 348
9049 4 9050 39 9693 481 9344 799 9723 305
9050 2 9051 749 9080 178
9051 4 9052 828 9161 16 9465 591 9473 194
9052 2 9053 591 9784 41
9053 1 9054 391
9054 2 9055 81 9830 480
9055 2 9056 799 9449 317
9056 4 9057 58 9932 236 9531 354 9950 874
9057 4 9058 944 9182 378 9109 257 9483 827
9058 5 9059 790 9123 671 9387 210 9675 924 9693 548
9059 2 9060 343 9275 126
9060 1 9061 357
9061 1 9062 901
9062 1 9063 837
9063 1 9064 445
9064 3 9065 427 9130 275 9686 915
9065 2 9066 953 9150 990
9066 1 9067 889
9067 3 9068 124 9236 450 9306 34
9068 1 9069 891
9069 4 9070 789 9634 744 9424 698 9416 575
9070 3 9071 233 9965 312 9298 915
9071 2 9072 766 9670 325
9072 1 9073 669
9073 4 9074 870 9775 553 9320 748 9162 842
9074 2 9075 617 9504 582
9075 2 9076 951 9493 298
9076 2 9077 12 9461 339
9077 2 9078 650 9678 692
9078 3 9079 797 9437 998 9427 492
9079 1 9080 648
9080 3 9081 392 9581 622 9355 464
9081 2 9082 56 9989 620
9082 1 9083 313
9083 2 9084 537 9911 574
9084 2 9085 43 9152 347
9085 2 9086 327 9337 183
9086 2 9087 553 9815 953
9087 1 9088 579
9088 3 9089 154 9756 805 9206 146
9089 3 9090 335 9969 758 9514 47
9090 3 9091 515 9238 397 9348 326
9091 1 9092 715
9092 2 9093 227 9153 788
9093 1 9094 157
9094 3 9095 52 9194 842 9646 389
9095 2 9096 690 9558 43
9096 1 9097 750
9097 3 9098 403 9924 405 9373 113
9098 2 9099 995 9964 795
9099 1 9100 457
9100 3 9101 771 9633 920 9263 177
9101 2 9102 610 9561 7
9102 1 9103 590
9103 1 9104 517
9104 1 9105 93
9105 2 9106 228 9506 198
9106 5 9107 443 9580 728 9820 721 9648 757 9318 904
9107 1 9108 297
9108 3 9109 806 9985 629 9424 274
9109 1 9110 404
9110 3 9111 152 9825 513 9654 981
9111 2 9112 136 9900 265
9112 1 9113 345
9113 1 9114 85
9114 1 9115 488
9115 1 9116 586
9116 2 9117 764 9910 321
9117 3 9118 51 9404 900 9322 201
9118 2 9119 562 9886 300
9119 3 9120 409 9343 419 9381 886
9120 1 9121 269
9121 2 9122 88 9786 232
9122 2 9123 409 9192 362
9123 1 9124 514
9124 2 9125 445 9372 730
9125 3 9126 793 9186 54 9413 326
9126 3 9127 715 9400 918 9505 983
9127 1 9128 134
9128 3 9129 781 9868 42 9506 993
9129 2 9130 139 9154 994
9130 1 9131 493
9131 3 9132 573 9401 490 9931 999
9132 2 9133 203 9961 935
9133 4 9134 500 9845 770 9224 579 9150 646
9134 1 9135 405
9135 3 9136 668 9601 187 9622 289
9136 2 9137 586 9205 645
9137 1 9138 201
9138 1 9139 575
9139 2 9140 631 9734 310
9140 2 9141 754 9586 668
9141 1 9142 537
9142 2 9143 253 9629 155
9143 2 9144 249 9717 757
9144 2 9145 74 9966 693
9145 2 9146 273 9822 858
9146 2 9147 796 9841 574
9147 4 9148 441 9679 249 9579 86 9747 792
9148 3 9149 332 9848 405 9908 998
9149 1 9150 702
9150 3 9151 947 9940 885 9521 54
9151 1 9152 590
9152 1 9153 92
9153 2 9154 116 9782 707
9154 1 9155 688
9155 2 9156 424 9877 69
9156 3 9157 434 9469 791 9660 544
9157 2 9158 375 9185 981
9158 2 9159 357 9690 798
9159 2 9160 196 9538 944
9160 3 9161 329 9785 967 9520 113
9161 1 9162 353
9162 2 9163 609 9820 728
9163 3 9164 672 9921 475 9783 862
9164 1 9165 25
9165 2 9166 789 9814 926
9166 2 9167 313 9222 433
9167 3 9168 174 9210 595 9639 406
9168 3 9169 359 9695 105 9752 782
9169 1 9170 632
9170 1 9171 842
9171 2 9172 823 9367 392
9172 3 9173 453 9619 433 9229 418
9173 3 9174 639 9725 183 9901 401
9174 2 9175 150 9297 808
9175 1 9176 452
9176 1 9177 46
9177 3 9178 947 9248 307 9840 228
9178 1 9179 838
9179 1 9180 240
9180 1 9181 205
9181 1 9182 702
9182 2 9183 383 9486 775
9183 2 9184 160 9769 735
9184 3 9185 776 9544 121 9704 73
9185 1 9186 746
9186 2 9187 874 9323 330
9187 3 9188 88 9914 793 9346 977
9188 5 9189 116 9197 159 9800 293 9205 394 9434 603
9189 1 9190 758
9190 1 9191 56
9191 3 9192 249 9624 784 9637 74
9192 2 9193 972 9316 736
9193 2 9194 636 9969 18
9194 1 9195 949
9195 2 9196 152 9201 342
9196 1 9197 890
9197 3 9198 853 9857 925 9373 150
9198 2 9199 840 9723 761
9199 1 9200 295
9200 1 9201 15
9201 2 9202 352 9478 62
9202 3 9203 711 9289 722 9981 200
9203 1 9204 824
9204 3 9205 114 9698 829 9632 874
9205 2 9206 313 9363 429
9206 2 9207 461 9654 828
9207 1 9208 483
9208 1 9209 24
9209 2 9210 340 9604 21
9210 1 9211 215
9211 3 9212 758 9372 519 9241 65
9212 2 9213 551 9592 940
9213 2 9214 217 9310 320
9214 2 9215 209 9218 567
9215 3 9216 560 9258 520 9424 711
9216 1 9217 536
9217 3 9218 769 9787 809 9931 584
9218 1 9219 265
9219 1 9220 562
9220 2 9221 495 9730 519
9221 2 9222 638 9255 760
9222 2 9223 748 9998 717
9223 1 9224 145
9224 2 9225 712 9880 468
9225 5 9226 716 9840 434 9297 308 9238 27 9613 16
9226 2 9227 685 9574 471
9227 3 9228 19 9719 65 9667 61
9228 1 9229 386
9229 1 9230 597
9230 2 9231 928 9390 657
9231 1 9232 680
9232 1 9233 540
9233 1 9234 45
9234 2 9235 262 9908 664
9235 3 9236 175 9502 63 9927 276
9236 2 9237 62 9623 675
9237 1 9238 291
9238 1 9239 206
9239 1 9240 809
9240 1 9241 714
9241 1 9242 633
9242 2 9243 278 9773 919
9243 1 9244 55
9244 2 9245 477 9643 12
9245 4 9246 671 9729 878 9797 661 9729 129
9246 1 9247 968
9247 1 9248 9
9248 2 9249 69 9920 597
9249 2 9250 398 9876 64
9250 2 9251 677 9444 177
9251 1 9252 278
9252 1 9253 679
9253 1 9254 873
9254 2 9255 935 9781 699
9255 1 9256 676
9256 2 9257 369 9445 657
9257 3 9258 886 9581 424 9655 821
9258 1 9259 111
9259 2 9260 20 9705 187
9260 1 9261 300
9261 1 9262 889
9262 4 9263 905 9876 417 9459 846 9955 684
9263 2 9264 665 9660 608
9264 1 9265 396
9265 3 9266 237 9432 352 9747 605
9266 5 9267 390 9998 916 9433 199 9457 90 9892 429
9267 3 9268 521 9850 41 9762 309
9268 3 9269 727 9957 699 9716 33
9269 2 9270 102 9391 484
9270 1 9271 926
9271 2 9272 324 9637 893
9272 1 9273 497
9273 1 9274 888
9274 3 9275 612 9464 918 9432 735
9275 1 9276 545
9276 1 9277 91
9277 2 9278 191 9902 445
9278 1 9279 204
9279 3 9280 513 9798 69 9488 924
9280 2 9281 990 9824 487
9281 1 9282 469
9282 4 9283 575 9344 11 9498 177 9945 465
9283 3 9284 949 9522 61 9833 953
9284 2 9285 730 9820 254
9285 1 9286 23
9286 2 9287 41 9639 907
9287 2 9288 254 9917 220
9288 1 9289 945
9289 1 9290 543
9290 2 9291 313 9953 809
9291 2 9292 342 9640 151
9292 6 9293 502 9654 383 9402 248 9564 58 9764 91 9339 714
9293 6 9294 403 9414 15 9720 412 9427 88 9768 879 9371 806
9294 2 9295 763 9941 622
9295 2 9296 161 9692 198
9296 2 9297 19 9573 325
9297 4 9298 356 9627 921 9876 637 9726 335
9298 3 9299 701 9572 55 9725 353
9299 2 9300 361 9898 802
9300 1 9301 364
9301 1 9302 641
9302 1 9303 310
9303 2 9304 242 9346 288
9304 3 9305 514 9445 205 9898 436
9305 2 9306 283 9448 134
9306 2 9307 832 9412 155
9307 1 9308 64
9308 2 9309 641 9401 125
9309 2 9310 264 9571 939
9310 1 9311 900
9311 3 9312 397 9843 267 9426 93
9312 4 9313 912 9512 971 9871 944 9936 638
9313 4 9314 835 9573 364 9430 626 9704 978
9314 1 9315 31
9315 1 9316 967
9316 2 9317 569 9879 15
9317 2 9318 972 9379 288
9318 3 9319 287 9818 41 9573 151
9319 2 9320 231 9723 223
9320 2 9321 156 9931 354
9321 1 9322 350
9322 2 9323 919 9429 646
9323 1 9324 403
9324 2 9325 673 9405 131
9325 2 9326 141 9458 217
9326 2 9327 90 9829 472
9327 4 9328 748 9526 428 9717 229 9765 827
9328 2 9329 392 9946 604
9329 4 9330 534 9731 53 9983 929 9483 751
9330 5 9331 984 9793 655 9470 205 9384 515 9502 561
9331 1 9332 695
9332 1 9333 628
9333 1 9334 894
9334 2 9335 641 9922 180
9335 1 9336 703
9336 3 9337 233 9857 969 9799 415
9337 2 9338 428 9571 903
9338 2 9339 247 9801 511
9339 1 9340 587
9340 3 9341 157 9608 112 9414 904
9341 1 9342 437
9342 3 9343 994 9877 194 9648 853
9343 2 9344 320 9639 315
9344 4 9345 932 9744 331 9725 850 9869 824
9345 2 9346 620 9575 22
9346 1 9347 338
9347 3 9348 460 9989 318 9443 24
9348 2 9349 556 9767 969
9349 2 9350 135 9430 72
9350 2 9351 212 9847 767
9351 2 9352 669 9536 427
9352 1 9353 142
9353 3 9354 595 9621 311 9838 673
9354 2 9355 555 9867 956
9355 3 9356 701 9628 255 9712 773
9356 3 9357 820 9761 40 9827 205
9357 1 9358 208
9358 2 9359 884 9392 334
9359 3 9360 142 9560 129 9988 998
9360 2 9361 317 9441 647
9361 1 9362 706
9362 4 9363 723 9491 102 9677 418 9975 268
9363 1 9364 921
9364 2 9365 537 9890 610
9365 1 9366 932
9366 3 9367 139 9683 208 9438 977
9367 1 9368 441
9368 1 9369 931
9369 2 9370 1000 9567 442
9370 1 9371 789
9371 2 9372 149 9688 575
9372 2 9373 672 9484 498
9373 2 9374 956 9866 496
9374 2 9375 579 9815 248
9375 2 9376 940 9857 488
9376 1 9377 162
9377 1 9378 326
9378 2 9379 70 9687 827
9379 2 9380 571 9550 549
9380 2 9381 546 9481 828
9381 5 9382 972 9734 834 9487 349 9502 842 9665 307
9382 3 9383 737 9536 225 9383 308
9383 2 9384 122 9768 891
9384 3 9385 189 9528 732 9815 786
9385 3 9386 326 9886 741 9949 653
9386 1 9387 860
9387 1 9388 901
9388 1 9389 150
9389 2 9390 745 9707 580
9390 1 9391 31
9391 4 9392 784 9521 653 9951 646 9449 37
9392 1 9393 327
9393 1 9394 902
9394 1 9395 997
9395 1 9396 424
9396 3 9397 985 9808 824 9882 315
9397 1 9398 422
9398 3 9399 311 9525 788 9622 968
9399 2 9400 454 9542 836
9400 1 9401 764
9401 1 9402 957
9402 2 9403 842 9630 273
9403 1 9404 916
9404 3 9405 653 9586 913 9545 481
9405 3 9406 956 9610 576 9592 958
9406 1 9407 757
9407 2 9408 281 9870 373
9408 1 9409 156
9409 3 9410 798 9826 210 9964 726
9410 1 9411 193
9411 4 9412 110 9973 752 9775 915 9954 944
9412 1 9413 135
9413 2 9414 190 9543 452
9414 2 9415 27 9861 518
9415 1 9416 781
9416 2 9417 627 9673 291
9417 2 9418 632 9759 650
9418 1 9419 274
9419 3 9420 621 9696 899 9927 330
9420 1 9421 581
9421 2 9422 628 9715 112
9422 4 9423 237 9740 602 9967 535 9468 429
9423 1 9424 611
9424 3 9425 238 9637 807 9772 465
9425 2 9426 237 9484 87
9426 1 9427 704
9427 2 9428 27 9621 717
9428 3 9429 368 9825 765 9604 414
9429 1 9430 82
9430 3 9431 705 9614 990 9975 408
9431 4 9432 799 9536 695 9716 1 9678 807
9432 2 9433 489 9976 518
9433 1 9434 138
9434 1 9435 515
9435 2 9436 867 9539 198
9436 4 9437 620 9995 141 9503 660 9728 106
9437 2 9438 481 9944 648
9438 3 9439 730 9714 809 9468 282
9439 1 9440 666
9440 1 9441 383
9441 1 9442 189
9442 1 9443 873
9443 3 9444 397 9465 292 9996 489
9444 2 9445 504 9690 659
9445 1 9446 486
9446 3 9447 141 9794 766 9935 916
9447 3 9448 168 9636 834 9682 497
9448 1 9449 198
9449 1 9450 232
9450 2 9451 34 9651 506
9451 2 9452 419 9608 194
9452 1 9453 783
9453 1 9454 993
9454 1 9455 16
9455 1 9456 948
9456 3 9457 277 9872 463 9927 758
9457 2 9458 974 9797 716
9458 1 9459 423
9459 1 9460 228
9460 2 9461 761 9476 220
9461 2 9462 688 9872 608
9462 1 9463 208
9463 2 9464 776 9477 660
9464 1 9465 210
9465 4 9466 68 9894 761 9492 423 9760 726
9466 1 9467 182
9467 4 9468 950 9905 983 9692 720 9907 132
9468 3 9469 978 9926 201 9648 37
9469 2 9470 450 9614 130
9470 1 9471 888
9471 1 9472 632
9472 3 9473 502 9487 542 9641 398
9473 2 9474 705 9816 187
9474 2 9475 333 9599 167
9475 2 9476 888 9770 276
9476 3 9477 469 9576 38 9514 773
9477 2 9478 909 9626 332
9478 1 9479 253
9479 2 9480 438 9488 213
9480 1 9481 415
9481 1 9482 795
9482 1 9483 43
9483 1 9484 623
9484 1 9485 753
9485 2 9486 845 9607 4
9486 2 9487 390 9722 607
9487 1 9488 738
9488 2 9489 321 9865 730
9489 1 9490 404
9490 2 9491 627 9624 336
9491 2 9492 962 9767 476
9492 4 9493 761 9612 948 9936 106 9625 468
9493 3 9494 586 9706 517 9988 348
9494 1 9495 609
9495 4 9496 550 9723 87 9626 405 9507 264
9496 1 9497 538
9497 1 9498 657
9498 1 9499 897
9499 2 9500 722 9855 571
9500 1 9501 806
9501 1 9502 40
9502 1 9503 534
9503 2 9504 112 9684 844
9504 2 9505 463 9977 339
9505 1 9506 468
9506 4 9507 847 9712 382 9568 991 9804 182
9507 1 9508 899
9508 2 9509 44 9637 184
9509 3 9510 899 9996 794 9953 825
9510 1 9511 252
9511 2 9512 532 9667 35
9512 3 9513 551 9666 720 9783 307
9513 2 9514 406 9878 756
9514 1 9515 753
9515 1 9516 41
9516 1 9517 572
9517 1 9518 397
9518 1 9519 529
9519 2 9520 784 9877 987
9520 1 9521 646
9521 1 9522 986
9522 1 9523 51
9523 2 9524 195 9768 476
9524 1 9525 299
9525 1 9526 451
9526 1 9527 408
9527 2 9528 906 9802 828
9528 2 9529 312 9734 239
9529 4 9530 793 9559 150 9567 489 9887 380
9530 1 9531 848
9531 3 9532 293 9734 714 9863 350
9532 3 9533 473 9691 931 9864 292
9533 2 9534 171 9779 921
9534 1 9535 433
9535 3 9536 302 9880 545 9991 721
9536 1 9537 628
9537 2 9538 942 9550 645
9538 1 9539 56
9539 3 9540 707 9764 3 9676 787
9540 2 9541 530 9796 375
9541 1 9542 926
9542 2 9543 146 9947 43
9543 2 9544 475 9770 658
9544 3 9545 850 9570 157 9868 487
9545 1 9546 662
9546 2 9547 463 9563 673
9547 2 9548 93 9799 8
9548 1 9549 740
9549 2 9550 513 9606 544
9550 3 9551 116 9901 663 9964 170
9551 1 9552 185
9552 1 9553 798
9553 1 9554 600
9554 3 9555 961 9588 329 9719 293
9555 1 9556 916
9556 3 9557 713 9611 740 9658 214
9557 1 9558 560
9558 2 9559 139 9954 969
9559 2 9560 403 9814 844
9560 2 9561 424 9661 254
9561 2 9562 332 9994 506
9562 3 9563 462 9575 1000 9969 785
9563 1 9564 26
9564 1 9565 184
9565 2 9566 465 9802 749
9566 2 9567 605 9687 654
9567 4 9568 919 9581 784 9900 38 9589 477
9568 1 9569 730
9569 2 9570 918 9820 215
9570 3 9571 207 9782 653 9956 83
9571 2 9572 904 9772 473
9572 1 9573 466
9573 2 9574 93 9951 400
9574 1 9575 257
9575 2 9576 332 9834 339
9576 5 9577 709 9800 526 9617 11 9989 184 9975 173
9577 3 9578 665 9627 626 9636 972
9578 2 9579 929 9924 524
9579 1 9580 729
9580 3 9581 816 9856 731 9921 142
9581 1 9582 168
9582 2 9583 736 9875 187
9583 3 9584 751 9669 640 9598 394
9584 1 9585 127
9585 4 9586 94 9815 392 9998 603 9610 109
9586 3 9587 117 9835 56 9783 725
9587 2 9588 724 9620 538
9588 5 9589 461 9744 506 9786 160 9992 435 9616 402
9589 1 9590 650
9590 1 9591 372
9591 1 9592 88
9592 2 9593 537 9923 530
9593 1 9594 725
9594 3 9595 394 9763 908 9795 173
9595 4 9596 745 9704 598 9987 369 9656 715
9596 1 9597 811
9597 2 9598 999 9676 914
9598 2 9599 524 9640 85
9599 2 9600 627 9944 156
9600 1 9601 973
9601 1 9602 164
9602 2 9603 388 9638 361
9603 3 9604 564 9645 531 9671 225
9604 1 9605 390
9605 1 9606 45
9606 3 9607 787 9938 900 9877 527
9607 2 9608 175 9799 24
9608 3 9609 935 9622 228 9674 331
9609 1 9610 344
9610 2 9611 580 9946 838
9611 1 9612 893
9612 1 9613 676
9613 3 9614 884 9761 513 9672 85
9614 3 9615 154 9908 587 9984 967
9615 3 9616 167 9825 301 9999 357
9616 2 9617 890 9628 582
9617 1 9618 149
9618 1 9619 184
9619 4 9620 788 9937 902 9686 189 9839 713
9620 2 9621 730 9927 89
9621 1 9622 53
9622 3 9623 430 9953 785 9772 162
9623 1 9624 316
9624 1 9625 317
9625 2 9626 748 9918 556
9626 3 9627 788 9786 170 9921 600
9627 1 9628 985
9628 3 9629 457 9777 951 9938 590
9629 4 9630 296 9947 633 9768 774 9912 60
9630 1 9631 642
9631 1 9632 186
9632 1 9633 121
9633 1 9634 921
9634 1 9635 135
9635 4 9636 984 9779 968 9960 394 9886 272
9636 2 9637 208 9837 199
9637 2 9638 4 9770 451
9638 1 9639 638
9639 4 9640 784 9834 449 9874 539 9669 808
9640 3 9641 260 9658 331 9919 41
9641 1 9642 13
9642 2 9643 470 9703 273
9643 2 9644 510 9922 737
9644 2 9645 876 9875 915
9645 3 9646 511 9745 533 9843 888
9646 1 9647 557
9647 2 9648 827 9937 146
9648 2 9649 6 9919 620
9649 3 9650 623 9975 630 9778 902
9650 2 9651 904 9925 848
9651 1 9652 506
9652 5 9653 244 9866 968 9766 890 9794 682 9715 266
9653 1 9654 223
9654 2 9655 603 9972 911
9655 2 9656 676 9668 774
9656 1 9657 488
9657 1 9658 465
9658 3 9659 420 9687 503 9922 284
9659 4 9660 453 9920 86 9946 946 9945 441
9660 3 9661 82 9876 50 9813 663
9661 2 9662 616 9906 651
9662 2 9663 615 9929 699
9663 1 9664 7
9664 1 9665 251
9665 1 9666 904
9666 4 9667 561 9975 17 9974 674 9998 595
9667 2 9668 285 9942 195
9668 1 9669 635
9669 1 9670 644
9670 1 9671 571
9671 3 9672 840 9714 791 9833 277
9672 2 9673 846 9727 858
9673 3 9674 213 9745 665 9812 811
9674 1 9675 51
9675 3 9676 190 9728 760 9946 527
9676 2 9677 152 9950 792
9677 1 9678 57
9678 1 9679 669
9679 3 9680 358 9890 933 9691 423
9680 3 9681 38 9968 917 9855 444
9681 1 9682 149
9682 4 9683 875 9903 804 9793 776 9963 298
9683 3 9684 34 9997 958 9988 305
9684 1 9685 684
9685 3 9686 592 9882 243 9736 869
9686 2 9687 859 9763 235
9687 2 9688 618 9924 654
9688 2 9689 306 9963 704
9689 2 9690 340 9789 718
9690 2 9691 943 9828 791
9691 1 9692 90
9692 2 9693 51 9897 854
9693 1 9694 112
9694 3 9695 427 9848 821 9746 211
9695 2 9696 183 9773 675
9696 1 9697 166
9697 1 9698 689
9698 1 9699 292
9699 1 9700 626
9700 1 9701 677
9701 1 9702 709
9702 4 9703 717 9940 334 9799 763 9844 990
9703 4 9704 610 9729 83 9894 784 9789 738
9704 4 9705 587 9856 616 9731 184 9762 737
9705 5 9706 807 9936 167 9766 169 9783 305 9998 314
9706 1 9707 576
9707 1 9708 182
9708 1 9709 990
9709 2 9710 467 9788 106
9710 2 9711 768 9877 430
9711 1 9712 593
9712 1 9713 369
9713 1 9714 954
9714 2 9715 37 9837 501
9715 1 9716 96
9716 3 9717 787 9884 819 9780 55
9717 2 9718 307 9827 886
9718 1 9719 331
9719 1 9720 378
9720 3 9721 920 9767 647 9981 168
9721 5 9722 389 9993 863 9743 696 9871 631 9990 80
9722 1 9723 840
9723 1 9724 70
9724 2 9725 777 9914 691
9725 3 9726 438 9927 201 9942 320
9726 1 9727 864
9727 3 9728 564 9823 265 9854 407
9728 1 9729 67
9729 3 9730 300 9957 777 9788 678
9730 2 9731 483 9811 31
9731 2 9732 138 9766 61
9732 3 9733 125 9874 543 9738 807
9733 2 9734 712 9876 590
9734 3 9735 881 9846 974 9755 571
9735 1 9736 282
9736 2 9737 338 9847 977
9737 1 9738 540
9738 1 9739 424
9739 1 9740 538
9740 2 9741 215 9956 785
9741 1 9742 713
9742 2 9743 215 9938 986
9743 2 9744 627 9865 130
9744 1 9745 60
9745 1 9746 112
9746 4 9747 586 9788 556 9806 958 9844 646
9747 2 9748 748 9964 414
9748 1 9749 645
9749 1 9750 542
9750 3 9751 90 9825 597 9817 413
9751 3 9752 496 9817 286 9902 241
9752 2 9753 742 9954 427
9753 3 9754 706 9871 315 9994 45
9754 2 9755 620 9980 475
9755 1 9756 957
9756 1 9757 808
9757 2 9758 724 9983 965
9758 1 9759 295
9759 1 9760 438
9760 3 9761 624 9884 116 9792 151
9761 1 9762 869
9762 2 9763 325 9950 568
9763 4 9764 266 9795 110 9883 778 9778 4
9764 3 9765 539 9902 771 9774 895
9765 1 9766 589
9766 2 9767 639 9995 607
9767 3 9768 363 9812 669 9832 509
9768 2 9769 950 9974 215
9769 4 9770 133 9843 752 9805 353 9917 15
9770 3 9771 630 9962 279 9844 385
9771 2 9772 577 9890 979
9772 2 9773 509 9864 661
9773 1 9774 533
9774 1 9775 747
9775 2 9776 648 9780 600
9776 3 9777 510 9985 862 9855 624
9777 2 9778 505 9891 360
9778 2 9779 828 9957 966
9779 2 9780 185 9951 889
9780 1 9781 905
9781 1 9782 625
9782 2 9783 239 9971 9
9783 3 9784 726 9786 775 9834 80
9784 1 9785 298
9785 2 9786 199 9843 616
9786 1 9787 2
9787 1 9788 122
9788 1 9789 25
9789 1 9790 477
9790 3 9791 641 9867 352 9885 923
9791 1 9792 816
9792 3 9793 121 9858 344 9943 562
9793 3 9794 756 9902 686 9983 325
9794 1 9795 869
9795 4 9796 213 9860 860 9852 60 9924 582
9796 3 9797 819 9924 952 9865 350
9797 2 9798 631 9881 608
9798 1 9799 425
9799 2 9800 424 9962 851
9800 2 9801 47 9802 50
9801 2 9802 342 9985 709
9802 3 9803 359 9940 765 9860 287
9803 1 9804 574
9804 2 9805 826 9925 238
9805 2 9806 653 9990 538
9806 1 9807 218
9807 1 9808 12
9808 1 9809 656
9809 1 9810 207
9810 3 9811 707 9853 557 9856 66
9811 4 9812 289 9939 105 9884 401 9827 314
9812 1 9813 261
9813 1 9814 810
9814 2 9815 70 9938 169
9815 5 9816 316 9993 185 9978 326 9951 830 9855 423
9816 1 9817 308
9817 1 9818 519
9818 3 9819 564 9890 328 9842 265
9819 2 9820 332 9995 379
9820 3 9821 786 9984 125 9855 25
9821 2 9822 7 9990 642
9822 3 9823 117 9844 159 9838 689
9823 3 9824 703 9992 639 9926 582
9824 1 9825 342
9825 3 9826 350 9924 457 9989 835
9826 2 9827 406 9923 426
9827 3 9828 742 9922 863 9926 880
9828 2 9829 583 9945 539
9829 2 9830 631 9988 450
9830 2 9831 984 9970 6
9831 5 9832 30 9858 911 9848 542 9855 454 9879 465
9832 1 9833 853
9833 3 9834 180 9881 331 9876 492
9834 1 9835 199
9835 1 9836 339
9836 1 9837 854
9837 2 9838 347 9958 984
9838 1 9839 945
9839 1 9840 689
9840 2 9841 491 9961 695
9841 1 9842 939
9842 3 9843 486 9889 948 9931 153
9843 1 9844 817
9844 1 9845 37
9845 3 9846 662 9924 450 9870 860
9846 2 9847 140 9943 173
9847 2 9848 494 9852 146
9848 3 9849 160 9933 437 9934 87
9849 2 9850 643 9884 975
9850 1 9851 472
9851 1 9852 914
9852 2 9853 886 9952 566
9853 1 9854 550
9854 1 9855 918
9855 2 9856 344 9860 116
9856 4 9857 474 9913 110 9948 99 9901 225
9857 1 9858 803
9858 1 9859 834
9859 3 9860 424 9912 602 9877 788
9860 2 9861 951 9891 43
9861 2 9862 761 9986 311
9862 3 9863 58 9992 152 9910 136
9863 1 9864 856
9864 3 9865 534 9982 633 9879 249
9865 2 9866 307 9907 13
9866 2 9867 579 9867 475
9867 2 9868 743 9965 95
9868 1 9869 695
9869 2 9870 324 9962 666
9870 2 9871 569 9921 718
9871 1 9872 549
9872 3 9873 20 9988 913 9880 9
9873 2 9874 214 9877 648
9874 1 9875 592
9875 1 9876 702
9876 2 9877 340 9979 507
9877 1 9878 819
9878 2 9879 939 9955 873
9879 2 9880 910 9952 180
9880 2 9881 815 9907 38
9881 1 9882 363
9882 6 9883 68 9960 524 9934 497 9982 867 9944 343 9984 975
9883 4 9884 993 9940 248 9987 653 9991 508
9884 1 9885 153
9885 2 9886 288 9948 28
9886 1 9887 861
9887 6 9888 32 9907 628 9934 443 9974 899 9911 269 9985 201
9888 1 9889 348
9889 5 9890 385 9921 80 9993 822 9918 756 9995 931
9890 3 9891 642 9964 770 9900 828
9891 2 9892 548 9981 491
9892 3 9893 863 9908 533 9946 835
9893 2 9894 170 9921 69
9894 3 9895 585 9977 974 9958 981
9895 1 9896 621
9896 2 9897 399 9914 876
9897 2 9898 192 9927 738
9898 1 9899 610
9899 1 9900 120
9900 1 9901 886
9901 2 9902 802 9972 212
9902 3 9903 770 9957 639 9940 185
9903 1 9904 316
9904 3 9905 723 9953 172 9934 976
9905 5 9906 879 9906 592 9992 335 9923 29 9998 808
9906 2 9907 323 9983 764
9907 3 9908 727 9924 385 9936 131
9908 1 9909 33
9909 2 9910 279 9977 397
9910 2 9911 424 9914 737
9911 4 9912 89 9981 21 9933 679 9948 711
9912 2 9913 509 9922 572
9913 3 9914 899 9915 638 9968 291
9914 3 9915 244 9962 333 9986 495
9915 4 9916 381 9945 460 9988 25 9992 677
9916 1 9917 463
9917 2 9918 850 9932 234
9918 2 9919 974 9941 720
9919 4 9920 310 9978 967 9943 481 9936 384
9920 3 9921 222 9929 583 9994 736
9921 2 9922 538 9955 815
9922 2 9923 310 9966 867
9923 3 9924 180 9940 781 9963 804
9924 1 9925 115
9925 1 9926 384
9926 2 9927 804 9938 119
9927 1 9928 39
9928 2 9929 797 9934 69
9929 3 9930 207 9956 8 9991 74
9930 2 9931 936 9934 549
9931 2 9932 95 9939 571
9932 1 9933 455
9933 2 9934 519 9960 496
9934 1 9935 26
9935 2 9936 819 9964 767
9936 3 9937 495 9951 706 9965 240
9937 3 9938 927 9944 442 9951 382
9938 2 9939 513 9948 900
9939 3 9940 158 9993 580 9960 107
9940 4 9941 195 9978 385 9969 980 9993 178
9941 2 9942 349 9973 410
9942 2 9943 946 9983 989
9943 4 9944 496 9948 982 9978 906 9973 804
9944 3 9945 751 9986 547 9966 43
9945 1 9946 895
9946 1 9947 537
9947 2 9948 318 9955 100
9948 1 9949 795
9949 2 9950 336 9981 271
9950 2 9951 147 9974 408
9951 4 9952 788 9980 988 9955 417 9982 611
9952 4 9953 893 9984 532 9971 260 9982 944
9953 1 9954 101
9954 2 9955 842 9968 994
9955 2 9956 961 9972 343
9956 1 9957 529
9957 1 9958 693
9958 3 9959 136 9971 72 9960 456
9959 3 9960 211 9964 588 9962 27
9960 4 9961 742 9984 105 9972 2 9969 854
9961 4 9962 38 9962 128 9972 70 9977 98
9962 2 9963 471 9984 93
9963 3 9964 397 9976 598 9964 819
9964 2 9965 731 9967 159
9965 3 9966 886 9998 868 9989 589
9966 2 9967 535 9971 806
9967 1 9968 119
9968 2 9969 5 9998 881
9969 1 9970 319
9970 3 9971 955 9977 706 9976 787
9971 2 9972 46 9997 105
9972 1 9973 704
9973 5 9974 869 9994 536 9998 915 9992 237 9998 894
9974 3 9975 609 9979 102 9983 901
9975 2 9976 893 9992 39
9976 3 9977 90 9995 35 9977 799
9977 3 9978 342 9989 588 9995 296
9978 1 9979 479
9979 1 9980 911
9980 2 9981 48 9989 566
9981 1 9982 106
9982 1 9983 534
9983 3 9984 785 9987 392 9998 603
9984 4 9985 675 9992 183 9988 833 9989 540
9985 1 9986 764
9986 2 9987 320 9990 585
9987 1 9988 24
9988 5 9989 592 9990 844 9995 879 9995 314 9994 979
9989 2 9990 777 9998 567
9990 4 9991 320 9997 508 9996 138 9992 435
9991 1 9992 655
9992 2 9993 914 9996 359
9993 1 9994 215
9994 2 9995 329 9998 158
9995 3 9996 206 9996 252 9997 673
9996 2 9997 198 9999 161
9997 1 9998 294
9998 2 9999 284 9999 24
9999 0
SOURCE 0
SINK 9999
